Category,Pose,Rating,RaterID,Score
Normal/Warmup,A,Warmth,P1,3.0
Normal/Warmup,A,Warmth,P2,1.0
Normal/Warmup,A,Warmth,P3,2.0
Normal/Warmup,A,Warmth,P4,4.0
Normal/Warmup,A,Warmth,P5,3.0
Normal/Warmup,A,Warmth,P6,3.0
Normal/Warmup,A,Warmth,P7,4.0
Normal/Warmup,A,Warmth,P8,3.0
Normal/Warmup,A,Warmth,P9,3.0
Normal/Warmup,A,Warmth,P10,3.0
Normal/Warmup,A,Warmth,P11,3.0
Normal/Warmup,A,Warmth,P12,4.0
Normal/Warmup,A,Warmth,P13,3.0
Normal/Warmup,A,Expressive,P1,1.0
Normal/Warmup,A,Expressive,P2,1.0
Normal/Warmup,A,Expressive,P3,3.0
Normal/Warmup,A,Expressive,P4,1.0
Normal/Warmup,A,Expressive,P5,3.0
Normal/Warmup,A,Expressive,P6,4.0
Normal/Warmup,A,Expressive,P7,3.0
Normal/Warmup,A,Expressive,P8,3.0
Normal/Warmup,A,Expressive,P9,3.0
Normal/Warmup,A,Expressive,P10,2.0
Normal/Warmup,A,Expressive,P11,2.0
Normal/Warmup,A,Expressive,P12,2.0
Normal/Warmup,A,Expressive,P13,2.0
Normal/Warmup,A,Original,P1,1.0
Normal/Warmup,A,Original,P2,3.0
Normal/Warmup,A,Original,P3,3.0
Normal/Warmup,A,Original,P4,3.0
Normal/Warmup,A,Original,P5,4.0
Normal/Warmup,A,Original,P6,4.0
Normal/Warmup,A,Original,P7,2.0
Normal/Warmup,A,Original,P8,2.0
Normal/Warmup,A,Original,P9,2.0
Normal/Warmup,A,Original,P10,1.0
Normal/Warmup,A,Original,P11,1.0
Normal/Warmup,A,Original,P12,1.0
Normal/Warmup,A,Original,P13,4.0
Normal/Warmup,A,Confident,P1,3.0
Normal/Warmup,A,Confident,P2,4.0
Normal/Warmup,A,Confident,P3,4.0
Normal/Warmup,A,Confident,P4,4.0
Normal/Warmup,A,Confident,P5,4.0
Normal/Warmup,A,Confident,P6,5.0
Normal/Warmup,A,Confident,P7,5.0
Normal/Warmup,A,Confident,P8,4.0
Normal/Warmup,A,Confident,P9,5.0
Normal/Warmup,A,Confident,P10,3.0
Normal/Warmup,A,Confident,P11,4.0
Normal/Warmup,A,Confident,P12,3.0
Normal/Warmup,A,Confident,P13,4.0
Normal/Warmup,A,Natural,P1,1.0
Normal/Warmup,A,Natural,P2,4.0
Normal/Warmup,A,Natural,P3,2.0
Normal/Warmup,A,Natural,P4,2.0
Normal/Warmup,A,Natural,P5,4.0
Normal/Warmup,A,Natural,P6,5.0
Normal/Warmup,A,Natural,P7,5.0
Normal/Warmup,A,Natural,P8,5.0
Normal/Warmup,A,Natural,P9,4.0
Normal/Warmup,A,Natural,P10,5.0
Normal/Warmup,A,Natural,P11,5.0
Normal/Warmup,A,Natural,P12,3.0
Normal/Warmup,A,Natural,P13,4.0
Normal/Warmup,A,Kawaii,P1,1.0
Normal/Warmup,A,Kawaii,P2,1.0
Normal/Warmup,A,Kawaii,P3,1.0
Normal/Warmup,A,Kawaii,P4,3.0
Normal/Warmup,A,Kawaii,P5,2.0
Normal/Warmup,A,Kawaii,P6,1.0
Normal/Warmup,A,Kawaii,P7,1.0
Normal/Warmup,A,Kawaii,P8,1.0
Normal/Warmup,A,Kawaii,P9,2.0
Normal/Warmup,A,Kawaii,P10,2.0
Normal/Warmup,A,Kawaii,P11,2.0
Normal/Warmup,A,Kawaii,P12,2.0
Normal/Warmup,A,Kawaii,P13,3.0
Normal/Warmup,B,Warmth,P1,2.0
Normal/Warmup,B,Warmth,P2,2.0
Normal/Warmup,B,Warmth,P3,2.0
Normal/Warmup,B,Warmth,P4,2.0
Normal/Warmup,B,Warmth,P5,2.0
Normal/Warmup,B,Warmth,P6,4.0
Normal/Warmup,B,Warmth,P7,3.0
Normal/Warmup,B,Warmth,P8,3.0
Normal/Warmup,B,Warmth,P9,2.0
Normal/Warmup,B,Warmth,P10,4.0
Normal/Warmup,B,Warmth,P11,3.0
Normal/Warmup,B,Warmth,P12,4.0
Normal/Warmup,B,Warmth,P13,2.0
Normal/Warmup,B,Expressive,P1,2.0
Normal/Warmup,B,Expressive,P2,2.0
Normal/Warmup,B,Expressive,P3,4.0
Normal/Warmup,B,Expressive,P4,1.0
Normal/Warmup,B,Expressive,P5,1.0
Normal/Warmup,B,Expressive,P6,5.0
Normal/Warmup,B,Expressive,P7,2.0
Normal/Warmup,B,Expressive,P8,2.0
Normal/Warmup,B,Expressive,P9,4.0
Normal/Warmup,B,Expressive,P10,2.0
Normal/Warmup,B,Expressive,P11,3.0
Normal/Warmup,B,Expressive,P12,3.0
Normal/Warmup,B,Expressive,P13,1.0
Normal/Warmup,B,Original,P1,3.0
Normal/Warmup,B,Original,P2,2.0
Normal/Warmup,B,Original,P3,2.0
Normal/Warmup,B,Original,P4,1.0
Normal/Warmup,B,Original,P5,3.0
Normal/Warmup,B,Original,P6,4.0
Normal/Warmup,B,Original,P7,1.0
Normal/Warmup,B,Original,P8,2.0
Normal/Warmup,B,Original,P9,4.0
Normal/Warmup,B,Original,P10,2.0
Normal/Warmup,B,Original,P11,3.0
Normal/Warmup,B,Original,P12,3.0
Normal/Warmup,B,Original,P13,2.0
Normal/Warmup,B,Confident,P1,4.0
Normal/Warmup,B,Confident,P2,3.0
Normal/Warmup,B,Confident,P3,3.0
Normal/Warmup,B,Confident,P4,4.0
Normal/Warmup,B,Confident,P5,4.0
Normal/Warmup,B,Confident,P6,4.0
Normal/Warmup,B,Confident,P7,3.0
Normal/Warmup,B,Confident,P8,4.0
Normal/Warmup,B,Confident,P9,5.0
Normal/Warmup,B,Confident,P10,1.0
Normal/Warmup,B,Confident,P11,4.0
Normal/Warmup,B,Confident,P12,4.0
Normal/Warmup,B,Confident,P13,1.0
Normal/Warmup,B,Natural,P1,3.0
Normal/Warmup,B,Natural,P2,3.0
Normal/Warmup,B,Natural,P3,4.0
Normal/Warmup,B,Natural,P4,4.0
Normal/Warmup,B,Natural,P5,2.0
Normal/Warmup,B,Natural,P6,5.0
Normal/Warmup,B,Natural,P7,5.0
Normal/Warmup,B,Natural,P8,5.0
Normal/Warmup,B,Natural,P9,3.0
Normal/Warmup,B,Natural,P10,1.0
Normal/Warmup,B,Natural,P11,2.0
Normal/Warmup,B,Natural,P12,4.0
Normal/Warmup,B,Natural,P13,1.0
Normal/Warmup,B,Kawaii,P1,2.0
Normal/Warmup,B,Kawaii,P2,1.0
Normal/Warmup,B,Kawaii,P3,1.0
Normal/Warmup,B,Kawaii,P4,2.0
Normal/Warmup,B,Kawaii,P5,1.0
Normal/Warmup,B,Kawaii,P6,3.0
Normal/Warmup,B,Kawaii,P7,1.0
Normal/Warmup,B,Kawaii,P8,3.0
Normal/Warmup,B,Kawaii,P9,1.0
Normal/Warmup,B,Kawaii,P10,2.0
Normal/Warmup,B,Kawaii,P11,3.0
Normal/Warmup,B,Kawaii,P12,2.0
Normal/Warmup,B,Kawaii,P13,1.0
Normal/Warmup,C,Warmth,P1,2.0
Normal/Warmup,C,Warmth,P2,1.0
Normal/Warmup,C,Warmth,P3,4.0
Normal/Warmup,C,Warmth,P4,2.0
Normal/Warmup,C,Warmth,P5,4.0
Normal/Warmup,C,Warmth,P6,5.0
Normal/Warmup,C,Warmth,P7,4.0
Normal/Warmup,C,Warmth,P8,4.0
Normal/Warmup,C,Warmth,P9,4.0
Normal/Warmup,C,Warmth,P10,4.0
Normal/Warmup,C,Warmth,P11,1.0
Normal/Warmup,C,Warmth,P12,3.0
Normal/Warmup,C,Warmth,P13,3.0
Normal/Warmup,C,Expressive,P1,1.0
Normal/Warmup,C,Expressive,P2,2.0
Normal/Warmup,C,Expressive,P3,4.0
Normal/Warmup,C,Expressive,P4,3.0
Normal/Warmup,C,Expressive,P5,4.0
Normal/Warmup,C,Expressive,P6,5.0
Normal/Warmup,C,Expressive,P7,4.0
Normal/Warmup,C,Expressive,P8,3.0
Normal/Warmup,C,Expressive,P9,2.0
Normal/Warmup,C,Expressive,P10,3.0
Normal/Warmup,C,Expressive,P11,2.0
Normal/Warmup,C,Expressive,P12,3.0
Normal/Warmup,C,Expressive,P13,4.0
Normal/Warmup,C,Original,P1,1.0
Normal/Warmup,C,Original,P2,3.0
Normal/Warmup,C,Original,P3,3.0
Normal/Warmup,C,Original,P4,3.0
Normal/Warmup,C,Original,P5,3.0
Normal/Warmup,C,Original,P6,5.0
Normal/Warmup,C,Original,P7,1.0
Normal/Warmup,C,Original,P8,2.0
Normal/Warmup,C,Original,P9,1.0
Normal/Warmup,C,Original,P10,1.0
Normal/Warmup,C,Original,P11,3.0
Normal/Warmup,C,Original,P12,3.0
Normal/Warmup,C,Original,P13,2.0
Normal/Warmup,C,Confident,P1,3.0
Normal/Warmup,C,Confident,P2,3.0
Normal/Warmup,C,Confident,P3,5.0
Normal/Warmup,C,Confident,P4,4.0
Normal/Warmup,C,Confident,P5,5.0
Normal/Warmup,C,Confident,P6,5.0
Normal/Warmup,C,Confident,P7,4.0
Normal/Warmup,C,Confident,P8,5.0
Normal/Warmup,C,Confident,P9,4.0
Normal/Warmup,C,Confident,P10,4.0
Normal/Warmup,C,Confident,P11,3.0
Normal/Warmup,C,Confident,P12,4.0
Normal/Warmup,C,Confident,P13,3.0
Normal/Warmup,C,Natural,P1,4.0
Normal/Warmup,C,Natural,P2,4.0
Normal/Warmup,C,Natural,P3,4.0
Normal/Warmup,C,Natural,P4,3.0
Normal/Warmup,C,Natural,P5,5.0
Normal/Warmup,C,Natural,P6,4.0
Normal/Warmup,C,Natural,P7,5.0
Normal/Warmup,C,Natural,P8,5.0
Normal/Warmup,C,Natural,P9,4.0
Normal/Warmup,C,Natural,P10,5.0
Normal/Warmup,C,Natural,P11,3.0
Normal/Warmup,C,Natural,P12,4.0
Normal/Warmup,C,Natural,P13,3.0
Normal/Warmup,C,Kawaii,P1,3.0
Normal/Warmup,C,Kawaii,P2,1.0
Normal/Warmup,C,Kawaii,P3,2.0
Normal/Warmup,C,Kawaii,P4,4.0
Normal/Warmup,C,Kawaii,P5,2.0
Normal/Warmup,C,Kawaii,P6,4.0
Normal/Warmup,C,Kawaii,P7,3.0
Normal/Warmup,C,Kawaii,P8,4.0
Normal/Warmup,C,Kawaii,P9,3.0
Normal/Warmup,C,Kawaii,P10,3.0
Normal/Warmup,C,Kawaii,P11,1.0
Normal/Warmup,C,Kawaii,P12,2.0
Normal/Warmup,C,Kawaii,P13,3.0
Normal/Warmup,D,Warmth,P1,3.0
Normal/Warmup,D,Warmth,P2,3.0
Normal/Warmup,D,Warmth,P3,4.0
Normal/Warmup,D,Warmth,P4,2.0
Normal/Warmup,D,Warmth,P5,4.0
Normal/Warmup,D,Warmth,P6,4.0
Normal/Warmup,D,Warmth,P7,4.0
Normal/Warmup,D,Warmth,P8,3.0
Normal/Warmup,D,Warmth,P9,3.0
Normal/Warmup,D,Warmth,P10,5.0
Normal/Warmup,D,Warmth,P11,2.0
Normal/Warmup,D,Warmth,P12,3.0
Normal/Warmup,D,Warmth,P13,2.0
Normal/Warmup,D,Expressive,P1,2.0
Normal/Warmup,D,Expressive,P2,3.0
Normal/Warmup,D,Expressive,P3,3.0
Normal/Warmup,D,Expressive,P4,2.0
Normal/Warmup,D,Expressive,P5,3.0
Normal/Warmup,D,Expressive,P6,5.0
Normal/Warmup,D,Expressive,P7,4.0
Normal/Warmup,D,Expressive,P8,2.0
Normal/Warmup,D,Expressive,P9,2.0
Normal/Warmup,D,Expressive,P10,2.0
Normal/Warmup,D,Expressive,P11,2.0
Normal/Warmup,D,Expressive,P12,3.0
Normal/Warmup,D,Expressive,P13,3.0
Normal/Warmup,D,Original,P1,1.0
Normal/Warmup,D,Original,P2,4.0
Normal/Warmup,D,Original,P3,3.0
Normal/Warmup,D,Original,P4,2.0
Normal/Warmup,D,Original,P5,4.0
Normal/Warmup,D,Original,P6,4.0
Normal/Warmup,D,Original,P7,2.0
Normal/Warmup,D,Original,P8,2.0
Normal/Warmup,D,Original,P9,1.0
Normal/Warmup,D,Original,P10,1.0
Normal/Warmup,D,Original,P11,2.0
Normal/Warmup,D,Original,P12,3.0
Normal/Warmup,D,Original,P13,2.0
Normal/Warmup,D,Confident,P1,3.0
Normal/Warmup,D,Confident,P2,3.0
Normal/Warmup,D,Confident,P3,3.0
Normal/Warmup,D,Confident,P4,4.0
Normal/Warmup,D,Confident,P5,4.0
Normal/Warmup,D,Confident,P6,4.0
Normal/Warmup,D,Confident,P7,3.0
Normal/Warmup,D,Confident,P8,4.0
Normal/Warmup,D,Confident,P9,3.0
Normal/Warmup,D,Confident,P10,4.0
Normal/Warmup,D,Confident,P11,3.0
Normal/Warmup,D,Confident,P12,4.0
Normal/Warmup,D,Confident,P13,1.0
Normal/Warmup,D,Natural,P1,3.0
Normal/Warmup,D,Natural,P2,3.0
Normal/Warmup,D,Natural,P3,5.0
Normal/Warmup,D,Natural,P4,4.0
Normal/Warmup,D,Natural,P5,3.0
Normal/Warmup,D,Natural,P6,5.0
Normal/Warmup,D,Natural,P7,5.0
Normal/Warmup,D,Natural,P8,5.0
Normal/Warmup,D,Natural,P9,4.0
Normal/Warmup,D,Natural,P10,5.0
Normal/Warmup,D,Natural,P11,4.0
Normal/Warmup,D,Natural,P12,4.0
Normal/Warmup,D,Natural,P13,4.0
Normal/Warmup,D,Kawaii,P1,2.0
Normal/Warmup,D,Kawaii,P2,1.0
Normal/Warmup,D,Kawaii,P3,1.0
Normal/Warmup,D,Kawaii,P4,3.0
Normal/Warmup,D,Kawaii,P5,2.0
Normal/Warmup,D,Kawaii,P6,3.0
Normal/Warmup,D,Kawaii,P7,2.0
Normal/Warmup,D,Kawaii,P8,4.0
Normal/Warmup,D,Kawaii,P9,1.0
Normal/Warmup,D,Kawaii,P10,3.0
Normal/Warmup,D,Kawaii,P11,2.0
Normal/Warmup,D,Kawaii,P12,3.0
Normal/Warmup,D,Kawaii,P13,1.0
Normal/Warmup,E,Warmth,P1,1.0
Normal/Warmup,E,Warmth,P2,1.0
Normal/Warmup,E,Warmth,P3,4.0
Normal/Warmup,E,Warmth,P4,4.0
Normal/Warmup,E,Warmth,P5,4.0
Normal/Warmup,E,Warmth,P6,3.0
Normal/Warmup,E,Warmth,P7,2.0
Normal/Warmup,E,Warmth,P8,3.0
Normal/Warmup,E,Warmth,P9,3.0
Normal/Warmup,E,Warmth,P10,3.0
Normal/Warmup,E,Warmth,P11,4.0
Normal/Warmup,E,Warmth,P12,4.0
Normal/Warmup,E,Warmth,P13,1.0
Normal/Warmup,E,Expressive,P1,3.0
Normal/Warmup,E,Expressive,P2,3.0
Normal/Warmup,E,Expressive,P3,4.0
Normal/Warmup,E,Expressive,P4,4.0
Normal/Warmup,E,Expressive,P5,4.0
Normal/Warmup,E,Expressive,P6,5.0
Normal/Warmup,E,Expressive,P7,4.0
Normal/Warmup,E,Expressive,P8,3.0
Normal/Warmup,E,Expressive,P9,2.0
Normal/Warmup,E,Expressive,P10,3.0
Normal/Warmup,E,Expressive,P11,3.0
Normal/Warmup,E,Expressive,P12,3.0
Normal/Warmup,E,Expressive,P13,1.0
Normal/Warmup,E,Original,P1,3.0
Normal/Warmup,E,Original,P2,4.0
Normal/Warmup,E,Original,P3,3.0
Normal/Warmup,E,Original,P4,4.0
Normal/Warmup,E,Original,P5,3.0
Normal/Warmup,E,Original,P6,5.0
Normal/Warmup,E,Original,P7,3.0
Normal/Warmup,E,Original,P8,2.0
Normal/Warmup,E,Original,P9,3.0
Normal/Warmup,E,Original,P10,2.0
Normal/Warmup,E,Original,P11,3.0
Normal/Warmup,E,Original,P12,4.0
Normal/Warmup,E,Original,P13,2.0
Normal/Warmup,E,Confident,P1,4.0
Normal/Warmup,E,Confident,P2,4.0
Normal/Warmup,E,Confident,P3,3.0
Normal/Warmup,E,Confident,P4,3.0
Normal/Warmup,E,Confident,P5,2.0
Normal/Warmup,E,Confident,P6,3.0
Normal/Warmup,E,Confident,P7,3.0
Normal/Warmup,E,Confident,P8,4.0
Normal/Warmup,E,Confident,P9,3.0
Normal/Warmup,E,Confident,P10,3.0
Normal/Warmup,E,Confident,P11,1.0
Normal/Warmup,E,Confident,P12,3.0
Normal/Warmup,E,Confident,P13,2.0
Normal/Warmup,E,Natural,P1,2.0
Normal/Warmup,E,Natural,P2,3.0
Normal/Warmup,E,Natural,P3,4.0
Normal/Warmup,E,Natural,P4,2.0
Normal/Warmup,E,Natural,P5,2.0
Normal/Warmup,E,Natural,P6,5.0
Normal/Warmup,E,Natural,P7,5.0
Normal/Warmup,E,Natural,P8,5.0
Normal/Warmup,E,Natural,P9,3.0
Normal/Warmup,E,Natural,P10,1.0
Normal/Warmup,E,Natural,P11,3.0
Normal/Warmup,E,Natural,P12,2.0
Normal/Warmup,E,Natural,P13,1.0
Normal/Warmup,E,Kawaii,P1,1.0
Normal/Warmup,E,Kawaii,P2,1.0
Normal/Warmup,E,Kawaii,P3,2.0
Normal/Warmup,E,Kawaii,P4,5.0
Normal/Warmup,E,Kawaii,P5,4.0
Normal/Warmup,E,Kawaii,P6,4.0
Normal/Warmup,E,Kawaii,P7,4.0
Normal/Warmup,E,Kawaii,P8,3.0
Normal/Warmup,E,Kawaii,P9,2.0
Normal/Warmup,E,Kawaii,P10,2.0
Normal/Warmup,E,Kawaii,P11,4.0
Normal/Warmup,E,Kawaii,P12,4.0
Normal/Warmup,E,Kawaii,P13,1.0
Shy/Gentle,A,Warmth,P1,4.0
Shy/Gentle,A,Warmth,P2,1.0
Shy/Gentle,A,Warmth,P3,3.0
Shy/Gentle,A,Warmth,P4,3.0
Shy/Gentle,A,Warmth,P5,3.0
Shy/Gentle,A,Warmth,P6,4.0
Shy/Gentle,A,Warmth,P7,4.0
Shy/Gentle,A,Warmth,P8,4.0
Shy/Gentle,A,Warmth,P9,2.0
Shy/Gentle,A,Warmth,P10,5.0
Shy/Gentle,A,Warmth,P11,3.0
Shy/Gentle,A,Warmth,P12,4.0
Shy/Gentle,A,Warmth,P13,3.0
Shy/Gentle,A,Expressive,P1,3.0
Shy/Gentle,A,Expressive,P2,4.0
Shy/Gentle,A,Expressive,P3,4.0
Shy/Gentle,A,Expressive,P4,2.0
Shy/Gentle,A,Expressive,P5,4.0
Shy/Gentle,A,Expressive,P6,4.0
Shy/Gentle,A,Expressive,P7,3.0
Shy/Gentle,A,Expressive,P8,3.0
Shy/Gentle,A,Expressive,P9,3.0
Shy/Gentle,A,Expressive,P10,2.0
Shy/Gentle,A,Expressive,P11,2.0
Shy/Gentle,A,Expressive,P12,4.0
Shy/Gentle,A,Expressive,P13,4.0
Shy/Gentle,A,Original,P1,1.0
Shy/Gentle,A,Original,P2,4.0
Shy/Gentle,A,Original,P3,4.0
Shy/Gentle,A,Original,P4,4.0
Shy/Gentle,A,Original,P5,3.0
Shy/Gentle,A,Original,P6,4.0
Shy/Gentle,A,Original,P7,2.0
Shy/Gentle,A,Original,P8,3.0
Shy/Gentle,A,Original,P9,2.0
Shy/Gentle,A,Original,P10,1.0
Shy/Gentle,A,Original,P11,2.0
Shy/Gentle,A,Original,P12,3.0
Shy/Gentle,A,Original,P13,3.0
Shy/Gentle,A,Confident,P1,2.0
Shy/Gentle,A,Confident,P2,1.0
Shy/Gentle,A,Confident,P3,3.0
Shy/Gentle,A,Confident,P4,2.0
Shy/Gentle,A,Confident,P5,4.0
Shy/Gentle,A,Confident,P6,5.0
Shy/Gentle,A,Confident,P7,2.0
Shy/Gentle,A,Confident,P8,1.0
Shy/Gentle,A,Confident,P9,2.0
Shy/Gentle,A,Confident,P10,3.0
Shy/Gentle,A,Confident,P11,1.0
Shy/Gentle,A,Confident,P12,2.0
Shy/Gentle,A,Confident,P13,3.0
Shy/Gentle,A,Natural,P1,4.0
Shy/Gentle,A,Natural,P2,3.0
Shy/Gentle,A,Natural,P3,2.0
Shy/Gentle,A,Natural,P4,2.0
Shy/Gentle,A,Natural,P5,3.0
Shy/Gentle,A,Natural,P6,5.0
Shy/Gentle,A,Natural,P7,3.0
Shy/Gentle,A,Natural,P8,3.0
Shy/Gentle,A,Natural,P9,3.0
Shy/Gentle,A,Natural,P10,2.0
Shy/Gentle,A,Natural,P11,4.0
Shy/Gentle,A,Natural,P12,3.0
Shy/Gentle,A,Natural,P13,5.0
Shy/Gentle,A,Kawaii,P1,3.0
Shy/Gentle,A,Kawaii,P2,2.0
Shy/Gentle,A,Kawaii,P3,3.0
Shy/Gentle,A,Kawaii,P4,4.0
Shy/Gentle,A,Kawaii,P5,4.0
Shy/Gentle,A,Kawaii,P6,3.0
Shy/Gentle,A,Kawaii,P7,5.0
Shy/Gentle,A,Kawaii,P8,3.0
Shy/Gentle,A,Kawaii,P9,3.0
Shy/Gentle,A,Kawaii,P10,3.0
Shy/Gentle,A,Kawaii,P11,3.0
Shy/Gentle,A,Kawaii,P12,4.0
Shy/Gentle,A,Kawaii,P13,4.0
Shy/Gentle,B,Warmth,P1,3.0
Shy/Gentle,B,Warmth,P2,2.0
Shy/Gentle,B,Warmth,P3,4.0
Shy/Gentle,B,Warmth,P4,5.0
Shy/Gentle,B,Warmth,P5,2.0
Shy/Gentle,B,Warmth,P6,4.0
Shy/Gentle,B,Warmth,P7,4.0
Shy/Gentle,B,Warmth,P8,2.0
Shy/Gentle,B,Warmth,P9,4.0
Shy/Gentle,B,Warmth,P10,2.0
Shy/Gentle,B,Warmth,P11,4.0
Shy/Gentle,B,Warmth,P12,4.0
Shy/Gentle,B,Warmth,P13,4.0
Shy/Gentle,B,Expressive,P1,3.0
Shy/Gentle,B,Expressive,P2,4.0
Shy/Gentle,B,Expressive,P3,4.0
Shy/Gentle,B,Expressive,P4,4.0
Shy/Gentle,B,Expressive,P5,4.0
Shy/Gentle,B,Expressive,P6,5.0
Shy/Gentle,B,Expressive,P7,4.0
Shy/Gentle,B,Expressive,P8,2.0
Shy/Gentle,B,Expressive,P9,3.0
Shy/Gentle,B,Expressive,P10,3.0
Shy/Gentle,B,Expressive,P11,4.0
Shy/Gentle,B,Expressive,P12,2.0
Shy/Gentle,B,Expressive,P13,3.0
Shy/Gentle,B,Original,P1,3.0
Shy/Gentle,B,Original,P2,3.0
Shy/Gentle,B,Original,P3,4.0
Shy/Gentle,B,Original,P4,4.0
Shy/Gentle,B,Original,P5,3.0
Shy/Gentle,B,Original,P6,4.0
Shy/Gentle,B,Original,P7,4.0
Shy/Gentle,B,Original,P8,3.0
Shy/Gentle,B,Original,P9,4.0
Shy/Gentle,B,Original,P10,3.0
Shy/Gentle,B,Original,P11,3.0
Shy/Gentle,B,Original,P12,3.0
Shy/Gentle,B,Original,P13,3.0
Shy/Gentle,B,Confident,P1,2.0
Shy/Gentle,B,Confident,P2,4.0
Shy/Gentle,B,Confident,P3,3.0
Shy/Gentle,B,Confident,P4,2.0
Shy/Gentle,B,Confident,P5,4.0
Shy/Gentle,B,Confident,P6,3.0
Shy/Gentle,B,Confident,P7,3.0
Shy/Gentle,B,Confident,P8,1.0
Shy/Gentle,B,Confident,P9,2.0
Shy/Gentle,B,Confident,P10,2.0
Shy/Gentle,B,Confident,P11,3.0
Shy/Gentle,B,Confident,P12,2.0
Shy/Gentle,B,Confident,P13,4.0
Shy/Gentle,B,Natural,P1,3.0
Shy/Gentle,B,Natural,P2,2.0
Shy/Gentle,B,Natural,P3,3.0
Shy/Gentle,B,Natural,P4,1.0
Shy/Gentle,B,Natural,P5,4.0
Shy/Gentle,B,Natural,P6,5.0
Shy/Gentle,B,Natural,P7,5.0
Shy/Gentle,B,Natural,P8,1.0
Shy/Gentle,B,Natural,P9,2.0
Shy/Gentle,B,Natural,P10,2.0
Shy/Gentle,B,Natural,P11,1.0
Shy/Gentle,B,Natural,P12,2.0
Shy/Gentle,B,Natural,P13,3.0
Shy/Gentle,B,Kawaii,P1,3.0
Shy/Gentle,B,Kawaii,P2,2.0
Shy/Gentle,B,Kawaii,P3,3.0
Shy/Gentle,B,Kawaii,P4,5.0
Shy/Gentle,B,Kawaii,P5,4.0
Shy/Gentle,B,Kawaii,P6,3.0
Shy/Gentle,B,Kawaii,P7,5.0
Shy/Gentle,B,Kawaii,P8,2.0
Shy/Gentle,B,Kawaii,P9,4.0
Shy/Gentle,B,Kawaii,P10,5.0
Shy/Gentle,B,Kawaii,P11,4.0
Shy/Gentle,B,Kawaii,P12,2.0
Shy/Gentle,B,Kawaii,P13,4.0
Shy/Gentle,C,Warmth,P1,3.0
Shy/Gentle,C,Warmth,P2,4.0
Shy/Gentle,C,Warmth,P3,4.0
Shy/Gentle,C,Warmth,P4,1.0
Shy/Gentle,C,Warmth,P5,4.0
Shy/Gentle,C,Warmth,P6,3.0
Shy/Gentle,C,Warmth,P7,5.0
Shy/Gentle,C,Warmth,P8,3.0
Shy/Gentle,C,Warmth,P9,4.0
Shy/Gentle,C,Warmth,P10,4.0
Shy/Gentle,C,Warmth,P11,4.0
Shy/Gentle,C,Warmth,P12,5.0
Shy/Gentle,C,Warmth,P13,4.0
Shy/Gentle,C,Expressive,P1,4.0
Shy/Gentle,C,Expressive,P2,4.0
Shy/Gentle,C,Expressive,P3,4.0
Shy/Gentle,C,Expressive,P4,5.0
Shy/Gentle,C,Expressive,P5,5.0
Shy/Gentle,C,Expressive,P6,5.0
Shy/Gentle,C,Expressive,P7,5.0
Shy/Gentle,C,Expressive,P8,3.0
Shy/Gentle,C,Expressive,P9,3.0
Shy/Gentle,C,Expressive,P10,3.0
Shy/Gentle,C,Expressive,P11,4.0
Shy/Gentle,C,Expressive,P12,4.0
Shy/Gentle,C,Expressive,P13,5.0
Shy/Gentle,C,Original,P1,3.0
Shy/Gentle,C,Original,P2,3.0
Shy/Gentle,C,Original,P3,4.0
Shy/Gentle,C,Original,P4,5.0
Shy/Gentle,C,Original,P5,3.0
Shy/Gentle,C,Original,P6,5.0
Shy/Gentle,C,Original,P7,5.0
Shy/Gentle,C,Original,P8,3.0
Shy/Gentle,C,Original,P9,3.0
Shy/Gentle,C,Original,P10,3.0
Shy/Gentle,C,Original,P11,4.0
Shy/Gentle,C,Original,P12,4.0
Shy/Gentle,C,Original,P13,4.0
Shy/Gentle,C,Confident,P1,2.0
Shy/Gentle,C,Confident,P2,1.0
Shy/Gentle,C,Confident,P3,3.0
Shy/Gentle,C,Confident,P4,1.0
Shy/Gentle,C,Confident,P5,4.0
Shy/Gentle,C,Confident,P6,5.0
Shy/Gentle,C,Confident,P7,4.0
Shy/Gentle,C,Confident,P8,2.0
Shy/Gentle,C,Confident,P9,2.0
Shy/Gentle,C,Confident,P10,2.0
Shy/Gentle,C,Confident,P11,1.0
Shy/Gentle,C,Confident,P12,3.0
Shy/Gentle,C,Confident,P13,3.0
Shy/Gentle,C,Natural,P1,3.0
Shy/Gentle,C,Natural,P2,2.0
Shy/Gentle,C,Natural,P3,2.0
Shy/Gentle,C,Natural,P4,1.0
Shy/Gentle,C,Natural,P5,3.0
Shy/Gentle,C,Natural,P6,5.0
Shy/Gentle,C,Natural,P7,1.0
Shy/Gentle,C,Natural,P8,1.0
Shy/Gentle,C,Natural,P9,2.0
Shy/Gentle,C,Natural,P10,1.0
Shy/Gentle,C,Natural,P11,1.0
Shy/Gentle,C,Natural,P12,2.0
Shy/Gentle,C,Natural,P13,4.0
Shy/Gentle,C,Kawaii,P1,4.0
Shy/Gentle,C,Kawaii,P2,4.0
Shy/Gentle,C,Kawaii,P3,5.0
Shy/Gentle,C,Kawaii,P4,5.0
Shy/Gentle,C,Kawaii,P5,5.0
Shy/Gentle,C,Kawaii,P6,3.0
Shy/Gentle,C,Kawaii,P7,5.0
Shy/Gentle,C,Kawaii,P8,3.0
Shy/Gentle,C,Kawaii,P9,3.0
Shy/Gentle,C,Kawaii,P10,4.0
Shy/Gentle,C,Kawaii,P11,5.0
Shy/Gentle,C,Kawaii,P12,4.0
Shy/Gentle,C,Kawaii,P13,5.0
Shy/Gentle,D,Warmth,P1,3.0
Shy/Gentle,D,Warmth,P2,3.0
Shy/Gentle,D,Warmth,P3,5.0
Shy/Gentle,D,Warmth,P4,4.0
Shy/Gentle,D,Warmth,P5,5.0
Shy/Gentle,D,Warmth,P6,4.0
Shy/Gentle,D,Warmth,P7,5.0
Shy/Gentle,D,Warmth,P8,2.0
Shy/Gentle,D,Warmth,P9,3.0
Shy/Gentle,D,Warmth,P10,2.0
Shy/Gentle,D,Warmth,P11,4.0
Shy/Gentle,D,Warmth,P12,5.0
Shy/Gentle,D,Warmth,P13,3.0
Shy/Gentle,D,Expressive,P1,4.0
Shy/Gentle,D,Expressive,P2,4.0
Shy/Gentle,D,Expressive,P3,3.0
Shy/Gentle,D,Expressive,P4,2.0
Shy/Gentle,D,Expressive,P5,4.0
Shy/Gentle,D,Expressive,P6,4.0
Shy/Gentle,D,Expressive,P7,5.0
Shy/Gentle,D,Expressive,P8,3.0
Shy/Gentle,D,Expressive,P9,3.0
Shy/Gentle,D,Expressive,P10,3.0
Shy/Gentle,D,Expressive,P11,2.0
Shy/Gentle,D,Expressive,P12,5.0
Shy/Gentle,D,Expressive,P13,4.0
Shy/Gentle,D,Original,P1,4.0
Shy/Gentle,D,Original,P2,3.0
Shy/Gentle,D,Original,P3,4.0
Shy/Gentle,D,Original,P4,2.0
Shy/Gentle,D,Original,P5,3.0
Shy/Gentle,D,Original,P6,3.0
Shy/Gentle,D,Original,P7,5.0
Shy/Gentle,D,Original,P8,3.0
Shy/Gentle,D,Original,P9,3.0
Shy/Gentle,D,Original,P10,3.0
Shy/Gentle,D,Original,P11,2.0
Shy/Gentle,D,Original,P12,4.0
Shy/Gentle,D,Original,P13,4.0
Shy/Gentle,D,Confident,P1,3.0
Shy/Gentle,D,Confident,P2,1.0
Shy/Gentle,D,Confident,P3,4.0
Shy/Gentle,D,Confident,P4,2.0
Shy/Gentle,D,Confident,P5,3.0
Shy/Gentle,D,Confident,P6,3.0
Shy/Gentle,D,Confident,P7,4.0
Shy/Gentle,D,Confident,P8,4.0
Shy/Gentle,D,Confident,P9,2.0
Shy/Gentle,D,Confident,P10,2.0
Shy/Gentle,D,Confident,P11,3.0
Shy/Gentle,D,Confident,P12,4.0
Shy/Gentle,D,Confident,P13,5.0
Shy/Gentle,D,Natural,P1,4.0
Shy/Gentle,D,Natural,P2,2.0
Shy/Gentle,D,Natural,P3,4.0
Shy/Gentle,D,Natural,P4,4.0
Shy/Gentle,D,Natural,P5,5.0
Shy/Gentle,D,Natural,P6,5.0
Shy/Gentle,D,Natural,P7,1.0
Shy/Gentle,D,Natural,P8,2.0
Shy/Gentle,D,Natural,P9,3.0
Shy/Gentle,D,Natural,P10,2.0
Shy/Gentle,D,Natural,P11,3.0
Shy/Gentle,D,Natural,P12,2.0
Shy/Gentle,D,Natural,P13,5.0
Shy/Gentle,D,Kawaii,P1,4.0
Shy/Gentle,D,Kawaii,P2,3.0
Shy/Gentle,D,Kawaii,P3,4.0
Shy/Gentle,D,Kawaii,P4,5.0
Shy/Gentle,D,Kawaii,P5,4.0
Shy/Gentle,D,Kawaii,P6,3.0
Shy/Gentle,D,Kawaii,P7,5.0
Shy/Gentle,D,Kawaii,P8,3.0
Shy/Gentle,D,Kawaii,P9,3.0
Shy/Gentle,D,Kawaii,P10,3.0
Shy/Gentle,D,Kawaii,P11,3.0
Shy/Gentle,D,Kawaii,P12,4.0
Shy/Gentle,D,Kawaii,P13,5.0
Shy/Gentle,E,Warmth,P1,4.0
Shy/Gentle,E,Warmth,P2,2.0
Shy/Gentle,E,Warmth,P3,4.0
Shy/Gentle,E,Warmth,P4,5.0
Shy/Gentle,E,Warmth,P5,5.0
Shy/Gentle,E,Warmth,P6,5.0
Shy/Gentle,E,Warmth,P7,4.0
Shy/Gentle,E,Warmth,P8,4.0
Shy/Gentle,E,Warmth,P9,2.0
Shy/Gentle,E,Warmth,P10,1.0
Shy/Gentle,E,Warmth,P11,3.0
Shy/Gentle,E,Warmth,P12,3.0
Shy/Gentle,E,Warmth,P13,3.0
Shy/Gentle,E,Expressive,P1,2.0
Shy/Gentle,E,Expressive,P2,1.0
Shy/Gentle,E,Expressive,P3,4.0
Shy/Gentle,E,Expressive,P4,1.0
Shy/Gentle,E,Expressive,P5,4.0
Shy/Gentle,E,Expressive,P6,5.0
Shy/Gentle,E,Expressive,P7,3.0
Shy/Gentle,E,Expressive,P8,3.0
Shy/Gentle,E,Expressive,P9,2.0
Shy/Gentle,E,Expressive,P10,1.0
Shy/Gentle,E,Expressive,P11,2.0
Shy/Gentle,E,Expressive,P12,3.0
Shy/Gentle,E,Expressive,P13,4.0
Shy/Gentle,E,Original,P1,1.0
Shy/Gentle,E,Original,P2,2.0
Shy/Gentle,E,Original,P3,3.0
Shy/Gentle,E,Original,P4,3.0
Shy/Gentle,E,Original,P5,3.0
Shy/Gentle,E,Original,P6,3.0
Shy/Gentle,E,Original,P7,3.0
Shy/Gentle,E,Original,P8,2.0
Shy/Gentle,E,Original,P9,2.0
Shy/Gentle,E,Original,P10,1.0
Shy/Gentle,E,Original,P11,1.0
Shy/Gentle,E,Original,P12,3.0
Shy/Gentle,E,Original,P13,3.0
Shy/Gentle,E,Confident,P1,2.0
Shy/Gentle,E,Confident,P2,2.0
Shy/Gentle,E,Confident,P3,4.0
Shy/Gentle,E,Confident,P4,2.0
Shy/Gentle,E,Confident,P5,4.0
Shy/Gentle,E,Confident,P6,3.0
Shy/Gentle,E,Confident,P7,3.0
Shy/Gentle,E,Confident,P8,2.0
Shy/Gentle,E,Confident,P9,2.0
Shy/Gentle,E,Confident,P10,1.0
Shy/Gentle,E,Confident,P11,1.0
Shy/Gentle,E,Confident,P12,2.0
Shy/Gentle,E,Confident,P13,2.0
Shy/Gentle,E,Natural,P1,3.0
Shy/Gentle,E,Natural,P2,3.0
Shy/Gentle,E,Natural,P3,4.0
Shy/Gentle,E,Natural,P4,3.0
Shy/Gentle,E,Natural,P5,4.0
Shy/Gentle,E,Natural,P6,5.0
Shy/Gentle,E,Natural,P7,2.0
Shy/Gentle,E,Natural,P8,4.0
Shy/Gentle,E,Natural,P9,3.0
Shy/Gentle,E,Natural,P10,1.0
Shy/Gentle,E,Natural,P11,4.0
Shy/Gentle,E,Natural,P12,2.0
Shy/Gentle,E,Natural,P13,5.0
Shy/Gentle,E,Kawaii,P1,3.0
Shy/Gentle,E,Kawaii,P2,2.0
Shy/Gentle,E,Kawaii,P3,5.0
Shy/Gentle,E,Kawaii,P4,4.0
Shy/Gentle,E,Kawaii,P5,5.0
Shy/Gentle,E,Kawaii,P6,3.0
Shy/Gentle,E,Kawaii,P7,4.0
Shy/Gentle,E,Kawaii,P8,4.0
Shy/Gentle,E,Kawaii,P9,2.0
Shy/Gentle,E,Kawaii,P10,1.0
Shy/Gentle,E,Kawaii,P11,4.0
Shy/Gentle,E,Kawaii,P12,2.0
Shy/Gentle,E,Kawaii,P13,4.0
Joyful/Smiling,A,Warmth,P1,4.0
Joyful/Smiling,A,Warmth,P2,5.0
Joyful/Smiling,A,Warmth,P3,4.0
Joyful/Smiling,A,Warmth,P4,5.0
Joyful/Smiling,A,Warmth,P5,3.0
Joyful/Smiling,A,Warmth,P6,3.0
Joyful/Smiling,A,Warmth,P7,5.0
Joyful/Smiling,A,Warmth,P8,4.0
Joyful/Smiling,A,Warmth,P9,5.0
Joyful/Smiling,A,Warmth,P10,5.0
Joyful/Smiling,A,Warmth,P11,4.0
Joyful/Smiling,A,Warmth,P12,4.0
Joyful/Smiling,A,Warmth,P13,4.0
Joyful/Smiling,A,Expressive,P1,5.0
Joyful/Smiling,A,Expressive,P2,5.0
Joyful/Smiling,A,Expressive,P3,5.0
Joyful/Smiling,A,Expressive,P4,5.0
Joyful/Smiling,A,Expressive,P5,5.0
Joyful/Smiling,A,Expressive,P6,4.0
Joyful/Smiling,A,Expressive,P7,5.0
Joyful/Smiling,A,Expressive,P8,5.0
Joyful/Smiling,A,Expressive,P9,5.0
Joyful/Smiling,A,Expressive,P10,5.0
Joyful/Smiling,A,Expressive,P11,5.0
Joyful/Smiling,A,Expressive,P12,5.0
Joyful/Smiling,A,Expressive,P13,5.0
Joyful/Smiling,A,Original,P1,4.0
Joyful/Smiling,A,Original,P2,5.0
Joyful/Smiling,A,Original,P3,4.0
Joyful/Smiling,A,Original,P4,5.0
Joyful/Smiling,A,Original,P5,4.0
Joyful/Smiling,A,Original,P6,3.0
Joyful/Smiling,A,Original,P7,5.0
Joyful/Smiling,A,Original,P8,4.0
Joyful/Smiling,A,Original,P9,2.0
Joyful/Smiling,A,Original,P10,2.0
Joyful/Smiling,A,Original,P11,3.0
Joyful/Smiling,A,Original,P12,5.0
Joyful/Smiling,A,Original,P13,5.0
Joyful/Smiling,A,Confident,P1,4.0
Joyful/Smiling,A,Confident,P2,3.0
Joyful/Smiling,A,Confident,P3,4.0
Joyful/Smiling,A,Confident,P4,5.0
Joyful/Smiling,A,Confident,P5,4.0
Joyful/Smiling,A,Confident,P6,3.0
Joyful/Smiling,A,Confident,P7,4.0
Joyful/Smiling,A,Confident,P8,4.0
Joyful/Smiling,A,Confident,P9,4.0
Joyful/Smiling,A,Confident,P10,5.0
Joyful/Smiling,A,Confident,P11,4.0
Joyful/Smiling,A,Confident,P12,5.0
Joyful/Smiling,A,Confident,P13,5.0
Joyful/Smiling,A,Natural,P1,4.0
Joyful/Smiling,A,Natural,P2,1.0
Joyful/Smiling,A,Natural,P3,3.0
Joyful/Smiling,A,Natural,P4,1.0
Joyful/Smiling,A,Natural,P5,2.0
Joyful/Smiling,A,Natural,P6,4.0
Joyful/Smiling,A,Natural,P7,1.0
Joyful/Smiling,A,Natural,P8,2.0
Joyful/Smiling,A,Natural,P9,4.0
Joyful/Smiling,A,Natural,P10,4.0
Joyful/Smiling,A,Natural,P11,2.0
Joyful/Smiling,A,Natural,P12,2.0
Joyful/Smiling,A,Natural,P13,4.0
Joyful/Smiling,A,Kawaii,P1,4.0
Joyful/Smiling,A,Kawaii,P2,4.0
Joyful/Smiling,A,Kawaii,P3,4.0
Joyful/Smiling,A,Kawaii,P4,1.0
Joyful/Smiling,A,Kawaii,P5,5.0
Joyful/Smiling,A,Kawaii,P6,3.0
Joyful/Smiling,A,Kawaii,P7,4.0
Joyful/Smiling,A,Kawaii,P8,3.0
Joyful/Smiling,A,Kawaii,P9,4.0
Joyful/Smiling,A,Kawaii,P10,4.0
Joyful/Smiling,A,Kawaii,P11,5.0
Joyful/Smiling,A,Kawaii,P12,4.0
Joyful/Smiling,A,Kawaii,P13,2.0
Joyful/Smiling,B,Warmth,P1,4.0
Joyful/Smiling,B,Warmth,P2,3.0
Joyful/Smiling,B,Warmth,P3,4.0
Joyful/Smiling,B,Warmth,P4,4.0
Joyful/Smiling,B,Warmth,P5,4.0
Joyful/Smiling,B,Warmth,P6,4.0
Joyful/Smiling,B,Warmth,P7,4.0
Joyful/Smiling,B,Warmth,P8,3.0
Joyful/Smiling,B,Warmth,P9,4.0
Joyful/Smiling,B,Warmth,P10,4.0
Joyful/Smiling,B,Warmth,P11,4.0
Joyful/Smiling,B,Warmth,P12,4.0
Joyful/Smiling,B,Warmth,P13,3.0
Joyful/Smiling,B,Expressive,P1,4.0
Joyful/Smiling,B,Expressive,P2,2.0
Joyful/Smiling,B,Expressive,P3,5.0
Joyful/Smiling,B,Expressive,P4,4.0
Joyful/Smiling,B,Expressive,P5,5.0
Joyful/Smiling,B,Expressive,P6,4.0
Joyful/Smiling,B,Expressive,P7,4.0
Joyful/Smiling,B,Expressive,P8,3.0
Joyful/Smiling,B,Expressive,P9,4.0
Joyful/Smiling,B,Expressive,P10,3.0
Joyful/Smiling,B,Expressive,P11,4.0
Joyful/Smiling,B,Expressive,P12,4.0
Joyful/Smiling,B,Expressive,P13,3.0
Joyful/Smiling,B,Original,P1,3.0
Joyful/Smiling,B,Original,P2,2.0
Joyful/Smiling,B,Original,P3,5.0
Joyful/Smiling,B,Original,P4,3.0
Joyful/Smiling,B,Original,P5,4.0
Joyful/Smiling,B,Original,P6,4.0
Joyful/Smiling,B,Original,P7,4.0
Joyful/Smiling,B,Original,P8,3.0
Joyful/Smiling,B,Original,P9,3.0
Joyful/Smiling,B,Original,P10,2.0
Joyful/Smiling,B,Original,P11,3.0
Joyful/Smiling,B,Original,P12,5.0
Joyful/Smiling,B,Original,P13,3.0
Joyful/Smiling,B,Confident,P1,3.0
Joyful/Smiling,B,Confident,P2,3.0
Joyful/Smiling,B,Confident,P3,4.0
Joyful/Smiling,B,Confident,P4,4.0
Joyful/Smiling,B,Confident,P5,4.0
Joyful/Smiling,B,Confident,P6,5.0
Joyful/Smiling,B,Confident,P7,3.0
Joyful/Smiling,B,Confident,P8,4.0
Joyful/Smiling,B,Confident,P9,3.0
Joyful/Smiling,B,Confident,P10,4.0
Joyful/Smiling,B,Confident,P11,3.0
Joyful/Smiling,B,Confident,P12,5.0
Joyful/Smiling,B,Confident,P13,4.0
Joyful/Smiling,B,Natural,P1,3.0
Joyful/Smiling,B,Natural,P2,1.0
Joyful/Smiling,B,Natural,P3,4.0
Joyful/Smiling,B,Natural,P4,2.0
Joyful/Smiling,B,Natural,P5,3.0
Joyful/Smiling,B,Natural,P6,5.0
Joyful/Smiling,B,Natural,P7,2.0
Joyful/Smiling,B,Natural,P8,4.0
Joyful/Smiling,B,Natural,P9,3.0
Joyful/Smiling,B,Natural,P10,3.0
Joyful/Smiling,B,Natural,P11,3.0
Joyful/Smiling,B,Natural,P12,2.0
Joyful/Smiling,B,Natural,P13,3.0
Joyful/Smiling,B,Kawaii,P1,3.0
Joyful/Smiling,B,Kawaii,P2,3.0
Joyful/Smiling,B,Kawaii,P3,4.0
Joyful/Smiling,B,Kawaii,P4,4.0
Joyful/Smiling,B,Kawaii,P5,4.0
Joyful/Smiling,B,Kawaii,P6,3.0
Joyful/Smiling,B,Kawaii,P7,3.0
Joyful/Smiling,B,Kawaii,P8,3.0
Joyful/Smiling,B,Kawaii,P9,4.0
Joyful/Smiling,B,Kawaii,P10,3.0
Joyful/Smiling,B,Kawaii,P11,5.0
Joyful/Smiling,B,Kawaii,P12,3.0
Joyful/Smiling,B,Kawaii,P13,3.0
Joyful/Smiling,C,Warmth,P1,3.0
Joyful/Smiling,C,Warmth,P2,5.0
Joyful/Smiling,C,Warmth,P3,4.0
Joyful/Smiling,C,Warmth,P4,5.0
Joyful/Smiling,C,Warmth,P5,4.0
Joyful/Smiling,C,Warmth,P6,4.0
Joyful/Smiling,C,Warmth,P7,4.0
Joyful/Smiling,C,Warmth,P8,4.0
Joyful/Smiling,C,Warmth,P9,4.0
Joyful/Smiling,C,Warmth,P10,3.0
Joyful/Smiling,C,Warmth,P11,3.0
Joyful/Smiling,C,Warmth,P12,3.0
Joyful/Smiling,C,Warmth,P13,3.0
Joyful/Smiling,C,Expressive,P1,3.0
Joyful/Smiling,C,Expressive,P2,5.0
Joyful/Smiling,C,Expressive,P3,3.0
Joyful/Smiling,C,Expressive,P4,5.0
Joyful/Smiling,C,Expressive,P5,5.0
Joyful/Smiling,C,Expressive,P6,5.0
Joyful/Smiling,C,Expressive,P7,4.0
Joyful/Smiling,C,Expressive,P8,3.0
Joyful/Smiling,C,Expressive,P9,5.0
Joyful/Smiling,C,Expressive,P10,3.0
Joyful/Smiling,C,Expressive,P11,4.0
Joyful/Smiling,C,Expressive,P12,3.0
Joyful/Smiling,C,Expressive,P13,4.0
Joyful/Smiling,C,Original,P1,1.0
Joyful/Smiling,C,Original,P2,4.0
Joyful/Smiling,C,Original,P3,3.0
Joyful/Smiling,C,Original,P4,4.0
Joyful/Smiling,C,Original,P5,3.0
Joyful/Smiling,C,Original,P6,3.0
Joyful/Smiling,C,Original,P7,2.0
Joyful/Smiling,C,Original,P8,2.0
Joyful/Smiling,C,Original,P9,3.0
Joyful/Smiling,C,Original,P10,2.0
Joyful/Smiling,C,Original,P11,4.0
Joyful/Smiling,C,Original,P12,4.0
Joyful/Smiling,C,Original,P13,3.0
Joyful/Smiling,C,Confident,P1,3.0
Joyful/Smiling,C,Confident,P2,3.0
Joyful/Smiling,C,Confident,P3,4.0
Joyful/Smiling,C,Confident,P4,5.0
Joyful/Smiling,C,Confident,P5,4.0
Joyful/Smiling,C,Confident,P6,4.0
Joyful/Smiling,C,Confident,P7,4.0
Joyful/Smiling,C,Confident,P8,4.0
Joyful/Smiling,C,Confident,P9,4.0
Joyful/Smiling,C,Confident,P10,3.0
Joyful/Smiling,C,Confident,P11,3.0
Joyful/Smiling,C,Confident,P12,3.0
Joyful/Smiling,C,Confident,P13,4.0
Joyful/Smiling,C,Natural,P1,2.0
Joyful/Smiling,C,Natural,P2,1.0
Joyful/Smiling,C,Natural,P3,3.0
Joyful/Smiling,C,Natural,P4,1.0
Joyful/Smiling,C,Natural,P5,3.0
Joyful/Smiling,C,Natural,P6,4.0
Joyful/Smiling,C,Natural,P7,3.0
Joyful/Smiling,C,Natural,P8,5.0
Joyful/Smiling,C,Natural,P9,4.0
Joyful/Smiling,C,Natural,P10,2.0
Joyful/Smiling,C,Natural,P11,2.0
Joyful/Smiling,C,Natural,P12,2.0
Joyful/Smiling,C,Natural,P13,3.0
Joyful/Smiling,C,Kawaii,P1,1.0
Joyful/Smiling,C,Kawaii,P2,3.0
Joyful/Smiling,C,Kawaii,P3,3.0
Joyful/Smiling,C,Kawaii,P4,3.0
Joyful/Smiling,C,Kawaii,P5,4.0
Joyful/Smiling,C,Kawaii,P6,4.0
Joyful/Smiling,C,Kawaii,P7,3.0
Joyful/Smiling,C,Kawaii,P8,4.0
Joyful/Smiling,C,Kawaii,P9,5.0
Joyful/Smiling,C,Kawaii,P10,3.0
Joyful/Smiling,C,Kawaii,P11,4.0
Joyful/Smiling,C,Kawaii,P12,3.0
Joyful/Smiling,C,Kawaii,P13,4.0
Joyful/Smiling,D,Warmth,P1,4.0
Joyful/Smiling,D,Warmth,P2,2.0
Joyful/Smiling,D,Warmth,P3,5.0
Joyful/Smiling,D,Warmth,P4,4.0
Joyful/Smiling,D,Warmth,P5,5.0
Joyful/Smiling,D,Warmth,P6,5.0
Joyful/Smiling,D,Warmth,P7,4.0
Joyful/Smiling,D,Warmth,P8,2.0
Joyful/Smiling,D,Warmth,P9,5.0
Joyful/Smiling,D,Warmth,P10,2.0
Joyful/Smiling,D,Warmth,P11,4.0
Joyful/Smiling,D,Warmth,P12,4.0
Joyful/Smiling,D,Warmth,P13,3.0
Joyful/Smiling,D,Expressive,P1,5.0
Joyful/Smiling,D,Expressive,P2,4.0
Joyful/Smiling,D,Expressive,P3,5.0
Joyful/Smiling,D,Expressive,P4,5.0
Joyful/Smiling,D,Expressive,P5,4.0
Joyful/Smiling,D,Expressive,P6,4.0
Joyful/Smiling,D,Expressive,P7,4.0
Joyful/Smiling,D,Expressive,P8,5.0
Joyful/Smiling,D,Expressive,P9,5.0
Joyful/Smiling,D,Expressive,P10,3.0
Joyful/Smiling,D,Expressive,P11,4.0
Joyful/Smiling,D,Expressive,P12,4.0
Joyful/Smiling,D,Expressive,P13,3.0
Joyful/Smiling,D,Original,P1,3.0
Joyful/Smiling,D,Original,P2,3.0
Joyful/Smiling,D,Original,P3,4.0
Joyful/Smiling,D,Original,P4,3.0
Joyful/Smiling,D,Original,P5,3.0
Joyful/Smiling,D,Original,P6,4.0
Joyful/Smiling,D,Original,P7,5.0
Joyful/Smiling,D,Original,P8,4.0
Joyful/Smiling,D,Original,P9,4.0
Joyful/Smiling,D,Original,P10,3.0
Joyful/Smiling,D,Original,P11,3.0
Joyful/Smiling,D,Original,P12,4.0
Joyful/Smiling,D,Original,P13,2.0
Joyful/Smiling,D,Confident,P1,4.0
Joyful/Smiling,D,Confident,P2,4.0
Joyful/Smiling,D,Confident,P3,4.0
Joyful/Smiling,D,Confident,P4,5.0
Joyful/Smiling,D,Confident,P5,5.0
Joyful/Smiling,D,Confident,P6,4.0
Joyful/Smiling,D,Confident,P7,4.0
Joyful/Smiling,D,Confident,P8,2.0
Joyful/Smiling,D,Confident,P9,5.0
Joyful/Smiling,D,Confident,P10,4.0
Joyful/Smiling,D,Confident,P11,3.0
Joyful/Smiling,D,Confident,P12,3.0
Joyful/Smiling,D,Confident,P13,4.0
Joyful/Smiling,D,Natural,P1,3.0
Joyful/Smiling,D,Natural,P2,3.0
Joyful/Smiling,D,Natural,P3,4.0
Joyful/Smiling,D,Natural,P4,1.0
Joyful/Smiling,D,Natural,P5,4.0
Joyful/Smiling,D,Natural,P6,4.0
Joyful/Smiling,D,Natural,P7,1.0
Joyful/Smiling,D,Natural,P8,1.0
Joyful/Smiling,D,Natural,P9,2.0
Joyful/Smiling,D,Natural,P10,3.0
Joyful/Smiling,D,Natural,P11,1.0
Joyful/Smiling,D,Natural,P12,3.0
Joyful/Smiling,D,Natural,P13,3.0
Joyful/Smiling,D,Kawaii,P1,3.0
Joyful/Smiling,D,Kawaii,P2,3.0
Joyful/Smiling,D,Kawaii,P3,5.0
Joyful/Smiling,D,Kawaii,P4,5.0
Joyful/Smiling,D,Kawaii,P5,5.0
Joyful/Smiling,D,Kawaii,P6,4.0
Joyful/Smiling,D,Kawaii,P7,4.0
Joyful/Smiling,D,Kawaii,P8,3.0
Joyful/Smiling,D,Kawaii,P9,4.0
Joyful/Smiling,D,Kawaii,P10,4.0
Joyful/Smiling,D,Kawaii,P11,5.0
Joyful/Smiling,D,Kawaii,P12,4.0
Joyful/Smiling,D,Kawaii,P13,4.0
Joyful/Smiling,E,Warmth,P1,3.0
Joyful/Smiling,E,Warmth,P2,4.0
Joyful/Smiling,E,Warmth,P3,5.0
Joyful/Smiling,E,Warmth,P4,5.0
Joyful/Smiling,E,Warmth,P5,5.0
Joyful/Smiling,E,Warmth,P6,5.0
Joyful/Smiling,E,Warmth,P7,5.0
Joyful/Smiling,E,Warmth,P8,4.0
Joyful/Smiling,E,Warmth,P9,5.0
Joyful/Smiling,E,Warmth,P10,3.0
Joyful/Smiling,E,Warmth,P11,5.0
Joyful/Smiling,E,Warmth,P12,5.0
Joyful/Smiling,E,Warmth,P13,4.0
Joyful/Smiling,E,Expressive,P1,2.0
Joyful/Smiling,E,Expressive,P2,4.0
Joyful/Smiling,E,Expressive,P3,4.0
Joyful/Smiling,E,Expressive,P4,5.0
Joyful/Smiling,E,Expressive,P5,4.0
Joyful/Smiling,E,Expressive,P6,5.0
Joyful/Smiling,E,Expressive,P7,4.0
Joyful/Smiling,E,Expressive,P8,3.0
Joyful/Smiling,E,Expressive,P9,5.0
Joyful/Smiling,E,Expressive,P10,4.0
Joyful/Smiling,E,Expressive,P11,4.0
Joyful/Smiling,E,Expressive,P12,5.0
Joyful/Smiling,E,Expressive,P13,4.0
Joyful/Smiling,E,Original,P1,2.0
Joyful/Smiling,E,Original,P2,5.0
Joyful/Smiling,E,Original,P3,3.0
Joyful/Smiling,E,Original,P4,5.0
Joyful/Smiling,E,Original,P5,2.0
Joyful/Smiling,E,Original,P6,4.0
Joyful/Smiling,E,Original,P7,1.0
Joyful/Smiling,E,Original,P8,2.0
Joyful/Smiling,E,Original,P9,3.0
Joyful/Smiling,E,Original,P10,3.0
Joyful/Smiling,E,Original,P11,3.0
Joyful/Smiling,E,Original,P12,4.0
Joyful/Smiling,E,Original,P13,3.0
Joyful/Smiling,E,Confident,P1,2.0
Joyful/Smiling,E,Confident,P2,3.0
Joyful/Smiling,E,Confident,P3,4.0
Joyful/Smiling,E,Confident,P4,5.0
Joyful/Smiling,E,Confident,P5,4.0
Joyful/Smiling,E,Confident,P6,4.0
Joyful/Smiling,E,Confident,P7,3.0
Joyful/Smiling,E,Confident,P8,2.0
Joyful/Smiling,E,Confident,P9,4.0
Joyful/Smiling,E,Confident,P10,3.0
Joyful/Smiling,E,Confident,P11,4.0
Joyful/Smiling,E,Confident,P12,5.0
Joyful/Smiling,E,Confident,P13,5.0
Joyful/Smiling,E,Natural,P1,2.0
Joyful/Smiling,E,Natural,P2,2.0
Joyful/Smiling,E,Natural,P3,2.0
Joyful/Smiling,E,Natural,P4,1.0
Joyful/Smiling,E,Natural,P5,3.0
Joyful/Smiling,E,Natural,P6,4.0
Joyful/Smiling,E,Natural,P7,4.0
Joyful/Smiling,E,Natural,P8,3.0
Joyful/Smiling,E,Natural,P9,3.0
Joyful/Smiling,E,Natural,P10,3.0
Joyful/Smiling,E,Natural,P11,3.0
Joyful/Smiling,E,Natural,P12,3.0
Joyful/Smiling,E,Natural,P13,4.0
Joyful/Smiling,E,Kawaii,P1,3.0
Joyful/Smiling,E,Kawaii,P2,3.0
Joyful/Smiling,E,Kawaii,P3,4.0
Joyful/Smiling,E,Kawaii,P4,5.0
Joyful/Smiling,E,Kawaii,P5,5.0
Joyful/Smiling,E,Kawaii,P6,5.0
Joyful/Smiling,E,Kawaii,P7,5.0
Joyful/Smiling,E,Kawaii,P8,3.0
Joyful/Smiling,E,Kawaii,P9,4.0
Joyful/Smiling,E,Kawaii,P10,4.0
Joyful/Smiling,E,Kawaii,P11,5.0
Joyful/Smiling,E,Kawaii,P12,5.0
Joyful/Smiling,E,Kawaii,P13,4.0
Dependant/Needy,A,Warmth,P1,3.0
Dependant/Needy,A,Warmth,P2,2.0
Dependant/Needy,A,Warmth,P3,4.0
Dependant/Needy,A,Warmth,P4,1.0
Dependant/Needy,A,Warmth,P5,4.0
Dependant/Needy,A,Warmth,P6,3.0
Dependant/Needy,A,Warmth,P7,4.0
Dependant/Needy,A,Warmth,P8,3.0
Dependant/Needy,A,Warmth,P9,3.0
Dependant/Needy,A,Warmth,P10,3.0
Dependant/Needy,A,Warmth,P11,3.0
Dependant/Needy,A,Warmth,P12,3.0
Dependant/Needy,A,Warmth,P13,3.0
Dependant/Needy,A,Expressive,P1,4.0
Dependant/Needy,A,Expressive,P2,2.0
Dependant/Needy,A,Expressive,P3,4.0
Dependant/Needy,A,Expressive,P4,4.0
Dependant/Needy,A,Expressive,P5,4.0
Dependant/Needy,A,Expressive,P6,3.0
Dependant/Needy,A,Expressive,P7,4.0
Dependant/Needy,A,Expressive,P8,3.0
Dependant/Needy,A,Expressive,P9,3.0
Dependant/Needy,A,Expressive,P10,3.0
Dependant/Needy,A,Expressive,P11,4.0
Dependant/Needy,A,Expressive,P12,3.0
Dependant/Needy,A,Expressive,P13,2.0
Dependant/Needy,A,Original,P1,3.0
Dependant/Needy,A,Original,P2,3.0
Dependant/Needy,A,Original,P3,4.0
Dependant/Needy,A,Original,P4,5.0
Dependant/Needy,A,Original,P5,3.0
Dependant/Needy,A,Original,P6,3.0
Dependant/Needy,A,Original,P7,3.0
Dependant/Needy,A,Original,P8,3.0
Dependant/Needy,A,Original,P9,2.0
Dependant/Needy,A,Original,P10,3.0
Dependant/Needy,A,Original,P11,3.0
Dependant/Needy,A,Original,P12,4.0
Dependant/Needy,A,Original,P13,1.0
Dependant/Needy,A,Confident,P1,2.0
Dependant/Needy,A,Confident,P2,1.0
Dependant/Needy,A,Confident,P3,4.0
Dependant/Needy,A,Confident,P4,4.0
Dependant/Needy,A,Confident,P5,5.0
Dependant/Needy,A,Confident,P6,3.0
Dependant/Needy,A,Confident,P7,2.0
Dependant/Needy,A,Confident,P8,2.0
Dependant/Needy,A,Confident,P9,3.0
Dependant/Needy,A,Confident,P10,3.0
Dependant/Needy,A,Confident,P11,2.0
Dependant/Needy,A,Confident,P12,3.0
Dependant/Needy,A,Confident,P13,2.0
Dependant/Needy,A,Natural,P1,4.0
Dependant/Needy,A,Natural,P2,2.0
Dependant/Needy,A,Natural,P3,3.0
Dependant/Needy,A,Natural,P4,3.0
Dependant/Needy,A,Natural,P5,4.0
Dependant/Needy,A,Natural,P6,4.0
Dependant/Needy,A,Natural,P7,1.0
Dependant/Needy,A,Natural,P8,2.0
Dependant/Needy,A,Natural,P9,4.0
Dependant/Needy,A,Natural,P10,3.0
Dependant/Needy,A,Natural,P11,2.0
Dependant/Needy,A,Natural,P12,3.0
Dependant/Needy,A,Natural,P13,3.0
Dependant/Needy,A,Kawaii,P1,4.0
Dependant/Needy,A,Kawaii,P2,2.0
Dependant/Needy,A,Kawaii,P3,4.0
Dependant/Needy,A,Kawaii,P4,4.0
Dependant/Needy,A,Kawaii,P5,4.0
Dependant/Needy,A,Kawaii,P6,4.0
Dependant/Needy,A,Kawaii,P7,5.0
Dependant/Needy,A,Kawaii,P8,3.0
Dependant/Needy,A,Kawaii,P9,2.0
Dependant/Needy,A,Kawaii,P10,3.0
Dependant/Needy,A,Kawaii,P11,4.0
Dependant/Needy,A,Kawaii,P12,3.0
Dependant/Needy,A,Kawaii,P13,1.0
Dependant/Needy,B,Warmth,P1,4.0
Dependant/Needy,B,Warmth,P2,3.0
Dependant/Needy,B,Warmth,P3,5.0
Dependant/Needy,B,Warmth,P4,1.0
Dependant/Needy,B,Warmth,P5,2.0
Dependant/Needy,B,Warmth,P6,4.0
Dependant/Needy,B,Warmth,P7,4.0
Dependant/Needy,B,Warmth,P8,4.0
Dependant/Needy,B,Warmth,P9,4.0
Dependant/Needy,B,Warmth,P10,3.0
Dependant/Needy,B,Warmth,P11,3.0
Dependant/Needy,B,Warmth,P12,3.0
Dependant/Needy,B,Warmth,P13,2.0
Dependant/Needy,B,Expressive,P1,3.0
Dependant/Needy,B,Expressive,P2,4.0
Dependant/Needy,B,Expressive,P3,5.0
Dependant/Needy,B,Expressive,P4,3.0
Dependant/Needy,B,Expressive,P5,4.0
Dependant/Needy,B,Expressive,P6,5.0
Dependant/Needy,B,Expressive,P7,3.0
Dependant/Needy,B,Expressive,P8,4.0
Dependant/Needy,B,Expressive,P9,3.0
Dependant/Needy,B,Expressive,P10,2.0
Dependant/Needy,B,Expressive,P11,2.0
Dependant/Needy,B,Expressive,P12,4.0
Dependant/Needy,B,Expressive,P13,1.0
Dependant/Needy,B,Original,P1,3.0
Dependant/Needy,B,Original,P2,3.0
Dependant/Needy,B,Original,P3,3.0
Dependant/Needy,B,Original,P4,5.0
Dependant/Needy,B,Original,P5,2.0
Dependant/Needy,B,Original,P6,5.0
Dependant/Needy,B,Original,P7,4.0
Dependant/Needy,B,Original,P8,3.0
Dependant/Needy,B,Original,P9,3.0
Dependant/Needy,B,Original,P10,2.0
Dependant/Needy,B,Original,P11,2.0
Dependant/Needy,B,Original,P12,5.0
Dependant/Needy,B,Original,P13,3.0
Dependant/Needy,B,Confident,P1,2.0
Dependant/Needy,B,Confident,P2,2.0
Dependant/Needy,B,Confident,P3,3.0
Dependant/Needy,B,Confident,P4,4.0
Dependant/Needy,B,Confident,P5,1.0
Dependant/Needy,B,Confident,P6,3.0
Dependant/Needy,B,Confident,P7,2.0
Dependant/Needy,B,Confident,P8,3.0
Dependant/Needy,B,Confident,P9,3.0
Dependant/Needy,B,Confident,P10,3.0
Dependant/Needy,B,Confident,P11,2.0
Dependant/Needy,B,Confident,P12,5.0
Dependant/Needy,B,Confident,P13,4.0
Dependant/Needy,B,Natural,P1,1.0
Dependant/Needy,B,Natural,P2,1.0
Dependant/Needy,B,Natural,P3,3.0
Dependant/Needy,B,Natural,P4,1.0
Dependant/Needy,B,Natural,P5,2.0
Dependant/Needy,B,Natural,P6,5.0
Dependant/Needy,B,Natural,P7,2.0
Dependant/Needy,B,Natural,P8,4.0
Dependant/Needy,B,Natural,P9,3.0
Dependant/Needy,B,Natural,P10,3.0
Dependant/Needy,B,Natural,P11,3.0
Dependant/Needy,B,Natural,P12,3.0
Dependant/Needy,B,Natural,P13,1.0
Dependant/Needy,B,Kawaii,P1,3.0
Dependant/Needy,B,Kawaii,P2,2.0
Dependant/Needy,B,Kawaii,P3,4.0
Dependant/Needy,B,Kawaii,P4,4.0
Dependant/Needy,B,Kawaii,P5,3.0
Dependant/Needy,B,Kawaii,P6,4.0
Dependant/Needy,B,Kawaii,P7,5.0
Dependant/Needy,B,Kawaii,P8,4.0
Dependant/Needy,B,Kawaii,P9,3.0
Dependant/Needy,B,Kawaii,P10,3.0
Dependant/Needy,B,Kawaii,P11,4.0
Dependant/Needy,B,Kawaii,P12,4.0
Dependant/Needy,B,Kawaii,P13,4.0
Dependant/Needy,C,Warmth,P1,3.0
Dependant/Needy,C,Warmth,P2,4.0
Dependant/Needy,C,Warmth,P3,5.0
Dependant/Needy,C,Warmth,P4,2.0
Dependant/Needy,C,Warmth,P5,2.0
Dependant/Needy,C,Warmth,P6,4.0
Dependant/Needy,C,Warmth,P7,4.0
Dependant/Needy,C,Warmth,P8,3.0
Dependant/Needy,C,Warmth,P9,4.0
Dependant/Needy,C,Warmth,P10,3.0
Dependant/Needy,C,Warmth,P11,3.0
Dependant/Needy,C,Warmth,P12,3.0
Dependant/Needy,C,Warmth,P13,2.0
Dependant/Needy,C,Expressive,P1,2.0
Dependant/Needy,C,Expressive,P2,4.0
Dependant/Needy,C,Expressive,P3,4.0
Dependant/Needy,C,Expressive,P4,4.0
Dependant/Needy,C,Expressive,P5,4.0
Dependant/Needy,C,Expressive,P6,4.0
Dependant/Needy,C,Expressive,P7,4.0
Dependant/Needy,C,Expressive,P8,4.0
Dependant/Needy,C,Expressive,P9,4.0
Dependant/Needy,C,Expressive,P10,3.0
Dependant/Needy,C,Expressive,P11,3.0
Dependant/Needy,C,Expressive,P12,3.0
Dependant/Needy,C,Expressive,P13,1.0
Dependant/Needy,C,Original,P1,2.0
Dependant/Needy,C,Original,P2,3.0
Dependant/Needy,C,Original,P3,2.0
Dependant/Needy,C,Original,P4,5.0
Dependant/Needy,C,Original,P5,4.0
Dependant/Needy,C,Original,P6,3.0
Dependant/Needy,C,Original,P7,3.0
Dependant/Needy,C,Original,P8,3.0
Dependant/Needy,C,Original,P9,3.0
Dependant/Needy,C,Original,P10,2.0
Dependant/Needy,C,Original,P11,2.0
Dependant/Needy,C,Original,P12,3.0
Dependant/Needy,C,Original,P13,3.0
Dependant/Needy,C,Confident,P1,3.0
Dependant/Needy,C,Confident,P2,2.0
Dependant/Needy,C,Confident,P3,3.0
Dependant/Needy,C,Confident,P4,4.0
Dependant/Needy,C,Confident,P5,2.0
Dependant/Needy,C,Confident,P6,4.0
Dependant/Needy,C,Confident,P7,3.0
Dependant/Needy,C,Confident,P8,4.0
Dependant/Needy,C,Confident,P9,3.0
Dependant/Needy,C,Confident,P10,2.0
Dependant/Needy,C,Confident,P11,3.0
Dependant/Needy,C,Confident,P12,3.0
Dependant/Needy,C,Confident,P13,4.0
Dependant/Needy,C,Natural,P1,3.0
Dependant/Needy,C,Natural,P2,1.0
Dependant/Needy,C,Natural,P3,2.0
Dependant/Needy,C,Natural,P4,3.0
Dependant/Needy,C,Natural,P5,1.0
Dependant/Needy,C,Natural,P6,5.0
Dependant/Needy,C,Natural,P7,3.0
Dependant/Needy,C,Natural,P8,3.0
Dependant/Needy,C,Natural,P9,2.0
Dependant/Needy,C,Natural,P10,2.0
Dependant/Needy,C,Natural,P11,2.0
Dependant/Needy,C,Natural,P12,2.0
Dependant/Needy,C,Natural,P13,1.0
Dependant/Needy,C,Kawaii,P1,3.0
Dependant/Needy,C,Kawaii,P2,4.0
Dependant/Needy,C,Kawaii,P3,4.0
Dependant/Needy,C,Kawaii,P4,5.0
Dependant/Needy,C,Kawaii,P5,3.0
Dependant/Needy,C,Kawaii,P6,3.0
Dependant/Needy,C,Kawaii,P7,5.0
Dependant/Needy,C,Kawaii,P8,4.0
Dependant/Needy,C,Kawaii,P9,4.0
Dependant/Needy,C,Kawaii,P10,3.0
Dependant/Needy,C,Kawaii,P11,4.0
Dependant/Needy,C,Kawaii,P12,3.0
Dependant/Needy,C,Kawaii,P13,4.0
Dependant/Needy,D,Warmth,P1,4.0
Dependant/Needy,D,Warmth,P2,5.0
Dependant/Needy,D,Warmth,P3,4.0
Dependant/Needy,D,Warmth,P4,4.0
Dependant/Needy,D,Warmth,P5,4.0
Dependant/Needy,D,Warmth,P6,4.0
Dependant/Needy,D,Warmth,P7,3.0
Dependant/Needy,D,Warmth,P8,2.0
Dependant/Needy,D,Warmth,P9,2.0
Dependant/Needy,D,Warmth,P10,2.0
Dependant/Needy,D,Warmth,P11,4.0
Dependant/Needy,D,Warmth,P12,4.0
Dependant/Needy,D,Warmth,P13,2.0
Dependant/Needy,D,Expressive,P1,4.0
Dependant/Needy,D,Expressive,P2,5.0
Dependant/Needy,D,Expressive,P3,3.0
Dependant/Needy,D,Expressive,P4,3.0
Dependant/Needy,D,Expressive,P5,2.0
Dependant/Needy,D,Expressive,P6,5.0
Dependant/Needy,D,Expressive,P7,4.0
Dependant/Needy,D,Expressive,P8,4.0
Dependant/Needy,D,Expressive,P9,2.0
Dependant/Needy,D,Expressive,P10,1.0
Dependant/Needy,D,Expressive,P11,3.0
Dependant/Needy,D,Expressive,P12,4.0
Dependant/Needy,D,Expressive,P13,3.0
Dependant/Needy,D,Original,P1,3.0
Dependant/Needy,D,Original,P2,4.0
Dependant/Needy,D,Original,P3,3.0
Dependant/Needy,D,Original,P4,5.0
Dependant/Needy,D,Original,P5,3.0
Dependant/Needy,D,Original,P6,5.0
Dependant/Needy,D,Original,P7,4.0
Dependant/Needy,D,Original,P8,2.0
Dependant/Needy,D,Original,P9,4.0
Dependant/Needy,D,Original,P10,2.0
Dependant/Needy,D,Original,P11,4.0
Dependant/Needy,D,Original,P12,4.0
Dependant/Needy,D,Original,P13,3.0
Dependant/Needy,D,Confident,P1,4.0
Dependant/Needy,D,Confident,P2,3.0
Dependant/Needy,D,Confident,P3,2.0
Dependant/Needy,D,Confident,P4,3.0
Dependant/Needy,D,Confident,P5,1.0
Dependant/Needy,D,Confident,P6,5.0
Dependant/Needy,D,Confident,P7,2.0
Dependant/Needy,D,Confident,P8,3.0
Dependant/Needy,D,Confident,P9,3.0
Dependant/Needy,D,Confident,P10,3.0
Dependant/Needy,D,Confident,P11,3.0
Dependant/Needy,D,Confident,P12,4.0
Dependant/Needy,D,Confident,P13,4.0
Dependant/Needy,D,Natural,P1,3.0
Dependant/Needy,D,Natural,P2,1.0
Dependant/Needy,D,Natural,P3,2.0
Dependant/Needy,D,Natural,P4,1.0
Dependant/Needy,D,Natural,P5,2.0
Dependant/Needy,D,Natural,P6,5.0
Dependant/Needy,D,Natural,P7,1.0
Dependant/Needy,D,Natural,P8,2.0
Dependant/Needy,D,Natural,P9,3.0
Dependant/Needy,D,Natural,P10,2.0
Dependant/Needy,D,Natural,P11,2.0
Dependant/Needy,D,Natural,P12,3.0
Dependant/Needy,D,Natural,P13,2.0
Dependant/Needy,D,Kawaii,P1,4.0
Dependant/Needy,D,Kawaii,P2,5.0
Dependant/Needy,D,Kawaii,P3,4.0
Dependant/Needy,D,Kawaii,P4,5.0
Dependant/Needy,D,Kawaii,P5,4.0
Dependant/Needy,D,Kawaii,P6,3.0
Dependant/Needy,D,Kawaii,P7,3.0
Dependant/Needy,D,Kawaii,P8,4.0
Dependant/Needy,D,Kawaii,P9,2.0
Dependant/Needy,D,Kawaii,P10,3.0
Dependant/Needy,D,Kawaii,P11,4.0
Dependant/Needy,D,Kawaii,P12,4.0
Dependant/Needy,D,Kawaii,P13,3.0
Dependant/Needy,E,Warmth,P1,3.0
Dependant/Needy,E,Warmth,P2,2.0
Dependant/Needy,E,Warmth,P3,4.0
Dependant/Needy,E,Warmth,P4,1.0
Dependant/Needy,E,Warmth,P5,4.0
Dependant/Needy,E,Warmth,P6,4.0
Dependant/Needy,E,Warmth,P7,5.0
Dependant/Needy,E,Warmth,P8,2.0
Dependant/Needy,E,Warmth,P9,3.0
Dependant/Needy,E,Warmth,P10,3.0
Dependant/Needy,E,Warmth,P11,4.0
Dependant/Needy,E,Warmth,P12,3.0
Dependant/Needy,E,Warmth,P13,2.0
Dependant/Needy,E,Expressive,P1,3.0
Dependant/Needy,E,Expressive,P2,2.0
Dependant/Needy,E,Expressive,P3,4.0
Dependant/Needy,E,Expressive,P4,1.0
Dependant/Needy,E,Expressive,P5,4.0
Dependant/Needy,E,Expressive,P6,5.0
Dependant/Needy,E,Expressive,P7,2.0
Dependant/Needy,E,Expressive,P8,2.0
Dependant/Needy,E,Expressive,P9,3.0
Dependant/Needy,E,Expressive,P10,2.0
Dependant/Needy,E,Expressive,P11,3.0
Dependant/Needy,E,Expressive,P12,3.0
Dependant/Needy,E,Expressive,P13,3.0
Dependant/Needy,E,Original,P1,2.0
Dependant/Needy,E,Original,P2,1.0
Dependant/Needy,E,Original,P3,3.0
Dependant/Needy,E,Original,P4,2.0
Dependant/Needy,E,Original,P5,3.0
Dependant/Needy,E,Original,P6,5.0
Dependant/Needy,E,Original,P7,3.0
Dependant/Needy,E,Original,P8,2.0
Dependant/Needy,E,Original,P9,3.0
Dependant/Needy,E,Original,P10,2.0
Dependant/Needy,E,Original,P11,2.0
Dependant/Needy,E,Original,P12,3.0
Dependant/Needy,E,Original,P13,3.0
Dependant/Needy,E,Confident,P1,3.0
Dependant/Needy,E,Confident,P2,2.0
Dependant/Needy,E,Confident,P3,2.0
Dependant/Needy,E,Confident,P4,2.0
Dependant/Needy,E,Confident,P5,2.0
Dependant/Needy,E,Confident,P6,3.0
Dependant/Needy,E,Confident,P7,2.0
Dependant/Needy,E,Confident,P8,3.0
Dependant/Needy,E,Confident,P9,3.0
Dependant/Needy,E,Confident,P10,3.0
Dependant/Needy,E,Confident,P11,2.0
Dependant/Needy,E,Confident,P12,2.0
Dependant/Needy,E,Confident,P13,3.0
Dependant/Needy,E,Natural,P1,2.0
Dependant/Needy,E,Natural,P2,3.0
Dependant/Needy,E,Natural,P3,2.0
Dependant/Needy,E,Natural,P4,2.0
Dependant/Needy,E,Natural,P5,3.0
Dependant/Needy,E,Natural,P6,5.0
Dependant/Needy,E,Natural,P7,1.0
Dependant/Needy,E,Natural,P8,2.0
Dependant/Needy,E,Natural,P9,3.0
Dependant/Needy,E,Natural,P10,2.0
Dependant/Needy,E,Natural,P11,2.0
Dependant/Needy,E,Natural,P12,2.0
Dependant/Needy,E,Natural,P13,2.0
Dependant/Needy,E,Kawaii,P1,4.0
Dependant/Needy,E,Kawaii,P2,2.0
Dependant/Needy,E,Kawaii,P3,4.0
Dependant/Needy,E,Kawaii,P4,3.0
Dependant/Needy,E,Kawaii,P5,5.0
Dependant/Needy,E,Kawaii,P6,5.0
Dependant/Needy,E,Kawaii,P7,2.0
Dependant/Needy,E,Kawaii,P8,3.0
Dependant/Needy,E,Kawaii,P9,4.0
Dependant/Needy,E,Kawaii,P10,3.0
Dependant/Needy,E,Kawaii,P11,4.0
Dependant/Needy,E,Kawaii,P12,2.0
Dependant/Needy,E,Kawaii,P13,4.0
Cool/Clever,A,Warmth,P1,3.0
Cool/Clever,A,Warmth,P2,2.0
Cool/Clever,A,Warmth,P3,5.0
Cool/Clever,A,Warmth,P4,5.0
Cool/Clever,A,Warmth,P5,4.0
Cool/Clever,A,Warmth,P6,3.0
Cool/Clever,A,Warmth,P7,3.0
Cool/Clever,A,Warmth,P8,2.0
Cool/Clever,A,Warmth,P9,3.0
Cool/Clever,A,Warmth,P10,4.0
Cool/Clever,A,Warmth,P11,4.0
Cool/Clever,A,Warmth,P12,3.0
Cool/Clever,A,Warmth,P13,2.0
Cool/Clever,A,Expressive,P1,4.0
Cool/Clever,A,Expressive,P2,3.0
Cool/Clever,A,Expressive,P3,5.0
Cool/Clever,A,Expressive,P4,4.0
Cool/Clever,A,Expressive,P5,5.0
Cool/Clever,A,Expressive,P6,5.0
Cool/Clever,A,Expressive,P7,5.0
Cool/Clever,A,Expressive,P8,3.0
Cool/Clever,A,Expressive,P9,4.0
Cool/Clever,A,Expressive,P10,3.0
Cool/Clever,A,Expressive,P11,4.0
Cool/Clever,A,Expressive,P12,5.0
Cool/Clever,A,Expressive,P13,4.0
Cool/Clever,A,Original,P1,4.0
Cool/Clever,A,Original,P2,4.0
Cool/Clever,A,Original,P3,4.0
Cool/Clever,A,Original,P4,3.0
Cool/Clever,A,Original,P5,4.0
Cool/Clever,A,Original,P6,3.0
Cool/Clever,A,Original,P7,5.0
Cool/Clever,A,Original,P8,3.0
Cool/Clever,A,Original,P9,2.0
Cool/Clever,A,Original,P10,2.0
Cool/Clever,A,Original,P11,4.0
Cool/Clever,A,Original,P12,4.0
Cool/Clever,A,Original,P13,3.0
Cool/Clever,A,Confident,P1,4.0
Cool/Clever,A,Confident,P2,4.0
Cool/Clever,A,Confident,P3,5.0
Cool/Clever,A,Confident,P4,5.0
Cool/Clever,A,Confident,P5,5.0
Cool/Clever,A,Confident,P6,5.0
Cool/Clever,A,Confident,P7,4.0
Cool/Clever,A,Confident,P8,4.0
Cool/Clever,A,Confident,P9,3.0
Cool/Clever,A,Confident,P10,4.0
Cool/Clever,A,Confident,P11,3.0
Cool/Clever,A,Confident,P12,5.0
Cool/Clever,A,Confident,P13,4.0
Cool/Clever,A,Natural,P1,2.0
Cool/Clever,A,Natural,P2,3.0
Cool/Clever,A,Natural,P3,2.0
Cool/Clever,A,Natural,P4,2.0
Cool/Clever,A,Natural,P5,2.0
Cool/Clever,A,Natural,P6,4.0
Cool/Clever,A,Natural,P7,3.0
Cool/Clever,A,Natural,P8,3.0
Cool/Clever,A,Natural,P9,3.0
Cool/Clever,A,Natural,P10,3.0
Cool/Clever,A,Natural,P11,2.0
Cool/Clever,A,Natural,P12,3.0
Cool/Clever,A,Natural,P13,2.0
Cool/Clever,A,Kawaii,P1,3.0
Cool/Clever,A,Kawaii,P2,2.0
Cool/Clever,A,Kawaii,P3,4.0
Cool/Clever,A,Kawaii,P4,4.0
Cool/Clever,A,Kawaii,P5,5.0
Cool/Clever,A,Kawaii,P6,5.0
Cool/Clever,A,Kawaii,P7,5.0
Cool/Clever,A,Kawaii,P8,3.0
Cool/Clever,A,Kawaii,P9,3.0
Cool/Clever,A,Kawaii,P10,3.0
Cool/Clever,A,Kawaii,P11,4.0
Cool/Clever,A,Kawaii,P12,4.0
Cool/Clever,A,Kawaii,P13,3.0
Cool/Clever,B,Warmth,P1,1.0
Cool/Clever,B,Warmth,P2,4.0
Cool/Clever,B,Warmth,P3,4.0
Cool/Clever,B,Warmth,P4,3.0
Cool/Clever,B,Warmth,P5,2.0
Cool/Clever,B,Warmth,P6,3.0
Cool/Clever,B,Warmth,P7,2.0
Cool/Clever,B,Warmth,P8,3.0
Cool/Clever,B,Warmth,P9,4.0
Cool/Clever,B,Warmth,P10,1.0
Cool/Clever,B,Warmth,P11,2.0
Cool/Clever,B,Warmth,P12,4.0
Cool/Clever,B,Warmth,P13,3.0
Cool/Clever,B,Expressive,P1,2.0
Cool/Clever,B,Expressive,P2,4.0
Cool/Clever,B,Expressive,P3,4.0
Cool/Clever,B,Expressive,P4,4.0
Cool/Clever,B,Expressive,P5,4.0
Cool/Clever,B,Expressive,P6,5.0
Cool/Clever,B,Expressive,P7,3.0
Cool/Clever,B,Expressive,P8,5.0
Cool/Clever,B,Expressive,P9,4.0
Cool/Clever,B,Expressive,P10,2.0
Cool/Clever,B,Expressive,P11,3.0
Cool/Clever,B,Expressive,P12,4.0
Cool/Clever,B,Expressive,P13,3.0
Cool/Clever,B,Original,P1,2.0
Cool/Clever,B,Original,P2,3.0
Cool/Clever,B,Original,P3,3.0
Cool/Clever,B,Original,P4,5.0
Cool/Clever,B,Original,P5,1.0
Cool/Clever,B,Original,P6,5.0
Cool/Clever,B,Original,P7,4.0
Cool/Clever,B,Original,P8,4.0
Cool/Clever,B,Original,P9,3.0
Cool/Clever,B,Original,P10,3.0
Cool/Clever,B,Original,P11,4.0
Cool/Clever,B,Original,P12,3.0
Cool/Clever,B,Original,P13,2.0
Cool/Clever,B,Confident,P1,3.0
Cool/Clever,B,Confident,P2,3.0
Cool/Clever,B,Confident,P3,4.0
Cool/Clever,B,Confident,P4,5.0
Cool/Clever,B,Confident,P5,5.0
Cool/Clever,B,Confident,P6,4.0
Cool/Clever,B,Confident,P7,3.0
Cool/Clever,B,Confident,P8,5.0
Cool/Clever,B,Confident,P9,3.0
Cool/Clever,B,Confident,P10,3.0
Cool/Clever,B,Confident,P11,4.0
Cool/Clever,B,Confident,P12,3.0
Cool/Clever,B,Confident,P13,3.0
Cool/Clever,B,Natural,P1,2.0
Cool/Clever,B,Natural,P2,2.0
Cool/Clever,B,Natural,P3,4.0
Cool/Clever,B,Natural,P4,1.0
Cool/Clever,B,Natural,P5,3.0
Cool/Clever,B,Natural,P6,5.0
Cool/Clever,B,Natural,P7,1.0
Cool/Clever,B,Natural,P8,3.0
Cool/Clever,B,Natural,P9,3.0
Cool/Clever,B,Natural,P10,2.0
Cool/Clever,B,Natural,P11,2.0
Cool/Clever,B,Natural,P12,3.0
Cool/Clever,B,Natural,P13,4.0
Cool/Clever,B,Kawaii,P1,1.0
Cool/Clever,B,Kawaii,P2,4.0
Cool/Clever,B,Kawaii,P3,4.0
Cool/Clever,B,Kawaii,P4,5.0
Cool/Clever,B,Kawaii,P5,4.0
Cool/Clever,B,Kawaii,P6,5.0
Cool/Clever,B,Kawaii,P7,2.0
Cool/Clever,B,Kawaii,P8,3.0
Cool/Clever,B,Kawaii,P9,3.0
Cool/Clever,B,Kawaii,P10,1.0
Cool/Clever,B,Kawaii,P11,3.0
Cool/Clever,B,Kawaii,P12,3.0
Cool/Clever,B,Kawaii,P13,1.0
Cool/Clever,C,Warmth,P1,3.0
Cool/Clever,C,Warmth,P2,2.0
Cool/Clever,C,Warmth,P3,4.0
Cool/Clever,C,Warmth,P4,1.0
Cool/Clever,C,Warmth,P5,5.0
Cool/Clever,C,Warmth,P6,1.0
Cool/Clever,C,Warmth,P7,1.0
Cool/Clever,C,Warmth,P8,3.0
Cool/Clever,C,Warmth,P9,2.0
Cool/Clever,C,Warmth,P10,1.0
Cool/Clever,C,Warmth,P11,2.0
Cool/Clever,C,Warmth,P12,2.0
Cool/Clever,C,Warmth,P13,1.0
Cool/Clever,C,Expressive,P1,1.0
Cool/Clever,C,Expressive,P2,1.0
Cool/Clever,C,Expressive,P3,2.0
Cool/Clever,C,Expressive,P4,1.0
Cool/Clever,C,Expressive,P5,1.0
Cool/Clever,C,Expressive,P6,3.0
Cool/Clever,C,Expressive,P7,4.0
Cool/Clever,C,Expressive,P8,2.0
Cool/Clever,C,Expressive,P9,2.0
Cool/Clever,C,Expressive,P10,1.0
Cool/Clever,C,Expressive,P11,1.0
Cool/Clever,C,Expressive,P12,2.0
Cool/Clever,C,Expressive,P13,2.0
Cool/Clever,C,Original,P1,1.0
Cool/Clever,C,Original,P2,2.0
Cool/Clever,C,Original,P3,2.0
Cool/Clever,C,Original,P4,1.0
Cool/Clever,C,Original,P5,4.0
Cool/Clever,C,Original,P6,4.0
Cool/Clever,C,Original,P7,2.0
Cool/Clever,C,Original,P8,2.0
Cool/Clever,C,Original,P9,2.0
Cool/Clever,C,Original,P10,2.0
Cool/Clever,C,Original,P11,1.0
Cool/Clever,C,Original,P12,2.0
Cool/Clever,C,Original,P13,2.0
Cool/Clever,C,Confident,P1,3.0
Cool/Clever,C,Confident,P2,2.0
Cool/Clever,C,Confident,P3,3.0
Cool/Clever,C,Confident,P4,4.0
Cool/Clever,C,Confident,P5,4.0
Cool/Clever,C,Confident,P6,3.0
Cool/Clever,C,Confident,P7,4.0
Cool/Clever,C,Confident,P8,4.0
Cool/Clever,C,Confident,P9,3.0
Cool/Clever,C,Confident,P10,1.0
Cool/Clever,C,Confident,P11,2.0
Cool/Clever,C,Confident,P12,3.0
Cool/Clever,C,Confident,P13,1.0
Cool/Clever,C,Natural,P1,3.0
Cool/Clever,C,Natural,P2,2.0
Cool/Clever,C,Natural,P3,3.0
Cool/Clever,C,Natural,P4,5.0
Cool/Clever,C,Natural,P5,3.0
Cool/Clever,C,Natural,P6,4.0
Cool/Clever,C,Natural,P7,3.0
Cool/Clever,C,Natural,P8,3.0
Cool/Clever,C,Natural,P9,3.0
Cool/Clever,C,Natural,P10,1.0
Cool/Clever,C,Natural,P11,4.0
Cool/Clever,C,Natural,P12,4.0
Cool/Clever,C,Natural,P13,4.0
Cool/Clever,C,Kawaii,P1,2.0
Cool/Clever,C,Kawaii,P2,1.0
Cool/Clever,C,Kawaii,P3,3.0
Cool/Clever,C,Kawaii,P4,3.0
Cool/Clever,C,Kawaii,P5,2.0
Cool/Clever,C,Kawaii,P6,3.0
Cool/Clever,C,Kawaii,P7,1.0
Cool/Clever,C,Kawaii,P8,4.0
Cool/Clever,C,Kawaii,P9,2.0
Cool/Clever,C,Kawaii,P10,1.0
Cool/Clever,C,Kawaii,P11,2.0
Cool/Clever,C,Kawaii,P12,2.0
Cool/Clever,C,Kawaii,P13,1.0
Cool/Clever,D,Warmth,P1,4.0
Cool/Clever,D,Warmth,P2,3.0
Cool/Clever,D,Warmth,P3,4.0
Cool/Clever,D,Warmth,P4,5.0
Cool/Clever,D,Warmth,P5,1.0
Cool/Clever,D,Warmth,P6,5.0
Cool/Clever,D,Warmth,P7,2.0
Cool/Clever,D,Warmth,P8,2.0
Cool/Clever,D,Warmth,P9,3.0
Cool/Clever,D,Warmth,P10,4.0
Cool/Clever,D,Warmth,P11,1.0
Cool/Clever,D,Warmth,P12,4.0
Cool/Clever,D,Warmth,P13,1.0
Cool/Clever,D,Expressive,P1,5.0
Cool/Clever,D,Expressive,P2,2.0
Cool/Clever,D,Expressive,P3,5.0
Cool/Clever,D,Expressive,P4,5.0
Cool/Clever,D,Expressive,P5,5.0
Cool/Clever,D,Expressive,P6,5.0
Cool/Clever,D,Expressive,P7,5.0
Cool/Clever,D,Expressive,P8,4.0
Cool/Clever,D,Expressive,P9,4.0
Cool/Clever,D,Expressive,P10,3.0
Cool/Clever,D,Expressive,P11,5.0
Cool/Clever,D,Expressive,P12,5.0
Cool/Clever,D,Expressive,P13,1.0
Cool/Clever,D,Original,P1,5.0
Cool/Clever,D,Original,P2,5.0
Cool/Clever,D,Original,P3,4.0
Cool/Clever,D,Original,P4,5.0
Cool/Clever,D,Original,P5,4.0
Cool/Clever,D,Original,P6,5.0
Cool/Clever,D,Original,P7,5.0
Cool/Clever,D,Original,P8,4.0
Cool/Clever,D,Original,P9,4.0
Cool/Clever,D,Original,P10,2.0
Cool/Clever,D,Original,P11,5.0
Cool/Clever,D,Original,P12,5.0
Cool/Clever,D,Original,P13,2.0
Cool/Clever,D,Confident,P1,5.0
Cool/Clever,D,Confident,P2,3.0
Cool/Clever,D,Confident,P3,4.0
Cool/Clever,D,Confident,P4,5.0
Cool/Clever,D,Confident,P5,5.0
Cool/Clever,D,Confident,P6,3.0
Cool/Clever,D,Confident,P7,4.0
Cool/Clever,D,Confident,P8,4.0
Cool/Clever,D,Confident,P9,4.0
Cool/Clever,D,Confident,P10,4.0
Cool/Clever,D,Confident,P11,4.0
Cool/Clever,D,Confident,P12,5.0
Cool/Clever,D,Confident,P13,1.0
Cool/Clever,D,Natural,P1,3.0
Cool/Clever,D,Natural,P2,1.0
Cool/Clever,D,Natural,P3,3.0
Cool/Clever,D,Natural,P4,1.0
Cool/Clever,D,Natural,P5,2.0
Cool/Clever,D,Natural,P6,4.0
Cool/Clever,D,Natural,P7,3.0
Cool/Clever,D,Natural,P8,2.0
Cool/Clever,D,Natural,P9,2.0
Cool/Clever,D,Natural,P10,4.0
Cool/Clever,D,Natural,P11,1.0
Cool/Clever,D,Natural,P12,2.0
Cool/Clever,D,Natural,P13,1.0
Cool/Clever,D,Kawaii,P1,3.0
Cool/Clever,D,Kawaii,P2,2.0
Cool/Clever,D,Kawaii,P3,3.0
Cool/Clever,D,Kawaii,P4,5.0
Cool/Clever,D,Kawaii,P5,5.0
Cool/Clever,D,Kawaii,P6,5.0
Cool/Clever,D,Kawaii,P7,3.0
Cool/Clever,D,Kawaii,P8,2.0
Cool/Clever,D,Kawaii,P9,2.0
Cool/Clever,D,Kawaii,P10,3.0
Cool/Clever,D,Kawaii,P11,3.0
Cool/Clever,D,Kawaii,P12,4.0
Cool/Clever,D,Kawaii,P13,1.0
Cool/Clever,E,Warmth,P1,2.0
Cool/Clever,E,Warmth,P2,4.0
Cool/Clever,E,Warmth,P3,3.0
Cool/Clever,E,Warmth,P4,1.0
Cool/Clever,E,Warmth,P5,3.0
Cool/Clever,E,Warmth,P6,3.0
Cool/Clever,E,Warmth,P7,2.0
Cool/Clever,E,Warmth,P8,3.0
Cool/Clever,E,Warmth,P9,2.0
Cool/Clever,E,Warmth,P10,1.0
Cool/Clever,E,Warmth,P11,2.0
Cool/Clever,E,Warmth,P12,4.0
Cool/Clever,E,Warmth,P13,3.0
Cool/Clever,E,Expressive,P1,2.0
Cool/Clever,E,Expressive,P2,5.0
Cool/Clever,E,Expressive,P3,5.0
Cool/Clever,E,Expressive,P4,5.0
Cool/Clever,E,Expressive,P5,5.0
Cool/Clever,E,Expressive,P6,3.0
Cool/Clever,E,Expressive,P7,5.0
Cool/Clever,E,Expressive,P8,4.0
Cool/Clever,E,Expressive,P9,3.0
Cool/Clever,E,Expressive,P10,1.0
Cool/Clever,E,Expressive,P11,4.0
Cool/Clever,E,Expressive,P12,5.0
Cool/Clever,E,Expressive,P13,3.0
Cool/Clever,E,Original,P1,5.0
Cool/Clever,E,Original,P2,5.0
Cool/Clever,E,Original,P3,4.0
Cool/Clever,E,Original,P4,2.0
Cool/Clever,E,Original,P5,5.0
Cool/Clever,E,Original,P6,4.0
Cool/Clever,E,Original,P7,2.0
Cool/Clever,E,Original,P8,5.0
Cool/Clever,E,Original,P9,4.0
Cool/Clever,E,Original,P10,2.0
Cool/Clever,E,Original,P11,5.0
Cool/Clever,E,Original,P12,5.0
Cool/Clever,E,Original,P13,4.0
Cool/Clever,E,Confident,P1,5.0
Cool/Clever,E,Confident,P2,3.0
Cool/Clever,E,Confident,P3,5.0
Cool/Clever,E,Confident,P4,5.0
Cool/Clever,E,Confident,P5,5.0
Cool/Clever,E,Confident,P6,3.0
Cool/Clever,E,Confident,P7,5.0
Cool/Clever,E,Confident,P8,4.0
Cool/Clever,E,Confident,P9,4.0
Cool/Clever,E,Confident,P10,1.0
Cool/Clever,E,Confident,P11,3.0
Cool/Clever,E,Confident,P12,4.0
Cool/Clever,E,Confident,P13,5.0
Cool/Clever,E,Natural,P1,3.0
Cool/Clever,E,Natural,P2,1.0
Cool/Clever,E,Natural,P3,3.0
Cool/Clever,E,Natural,P4,2.0
Cool/Clever,E,Natural,P5,2.0
Cool/Clever,E,Natural,P6,4.0
Cool/Clever,E,Natural,P7,4.0
Cool/Clever,E,Natural,P8,3.0
Cool/Clever,E,Natural,P9,1.0
Cool/Clever,E,Natural,P10,1.0
Cool/Clever,E,Natural,P11,1.0
Cool/Clever,E,Natural,P12,3.0
Cool/Clever,E,Natural,P13,1.0
Cool/Clever,E,Kawaii,P1,2.0
Cool/Clever,E,Kawaii,P2,4.0
Cool/Clever,E,Kawaii,P3,4.0
Cool/Clever,E,Kawaii,P4,3.0
Cool/Clever,E,Kawaii,P5,4.0
Cool/Clever,E,Kawaii,P6,5.0
Cool/Clever,E,Kawaii,P7,2.0
Cool/Clever,E,Kawaii,P8,2.0
Cool/Clever,E,Kawaii,P9,2.0
Cool/Clever,E,Kawaii,P10,1.0
Cool/Clever,E,Kawaii,P11,4.0
Cool/Clever,E,Kawaii,P12,2.0
Cool/Clever,E,Kawaii,P13,2.0
Playful/Clumsy,A,Warmth,P1,3.0
Playful/Clumsy,A,Warmth,P2,5.0
Playful/Clumsy,A,Warmth,P3,4.0
Playful/Clumsy,A,Warmth,P4,5.0
Playful/Clumsy,A,Warmth,P5,4.0
Playful/Clumsy,A,Warmth,P6,4.0
Playful/Clumsy,A,Warmth,P7,5.0
Playful/Clumsy,A,Warmth,P8,3.0
Playful/Clumsy,A,Warmth,P9,4.0
Playful/Clumsy,A,Warmth,P10,3.0
Playful/Clumsy,A,Warmth,P11,5.0
Playful/Clumsy,A,Warmth,P12,4.0
Playful/Clumsy,A,Warmth,P13,3.0
Playful/Clumsy,A,Expressive,P1,2.0
Playful/Clumsy,A,Expressive,P2,3.0
Playful/Clumsy,A,Expressive,P3,4.0
Playful/Clumsy,A,Expressive,P4,5.0
Playful/Clumsy,A,Expressive,P5,5.0
Playful/Clumsy,A,Expressive,P6,5.0
Playful/Clumsy,A,Expressive,P7,5.0
Playful/Clumsy,A,Expressive,P8,3.0
Playful/Clumsy,A,Expressive,P9,4.0
Playful/Clumsy,A,Expressive,P10,3.0
Playful/Clumsy,A,Expressive,P11,4.0
Playful/Clumsy,A,Expressive,P12,4.0
Playful/Clumsy,A,Expressive,P13,3.0
Playful/Clumsy,A,Original,P1,2.0
Playful/Clumsy,A,Original,P2,5.0
Playful/Clumsy,A,Original,P3,4.0
Playful/Clumsy,A,Original,P4,4.0
Playful/Clumsy,A,Original,P5,4.0
Playful/Clumsy,A,Original,P6,3.0
Playful/Clumsy,A,Original,P7,2.0
Playful/Clumsy,A,Original,P8,2.0
Playful/Clumsy,A,Original,P9,4.0
Playful/Clumsy,A,Original,P10,3.0
Playful/Clumsy,A,Original,P11,4.0
Playful/Clumsy,A,Original,P12,4.0
Playful/Clumsy,A,Original,P13,2.0
Playful/Clumsy,A,Confident,P1,1.0
Playful/Clumsy,A,Confident,P2,4.0
Playful/Clumsy,A,Confident,P3,4.0
Playful/Clumsy,A,Confident,P4,5.0
Playful/Clumsy,A,Confident,P5,2.0
Playful/Clumsy,A,Confident,P6,4.0
Playful/Clumsy,A,Confident,P7,4.0
Playful/Clumsy,A,Confident,P8,4.0
Playful/Clumsy,A,Confident,P9,3.0
Playful/Clumsy,A,Confident,P10,4.0
Playful/Clumsy,A,Confident,P11,4.0
Playful/Clumsy,A,Confident,P12,3.0
Playful/Clumsy,A,Confident,P13,4.0
Playful/Clumsy,A,Natural,P1,2.0
Playful/Clumsy,A,Natural,P2,2.0
Playful/Clumsy,A,Natural,P3,3.0
Playful/Clumsy,A,Natural,P4,3.0
Playful/Clumsy,A,Natural,P5,3.0
Playful/Clumsy,A,Natural,P6,3.0
Playful/Clumsy,A,Natural,P7,5.0
Playful/Clumsy,A,Natural,P8,2.0
Playful/Clumsy,A,Natural,P9,2.0
Playful/Clumsy,A,Natural,P10,4.0
Playful/Clumsy,A,Natural,P11,1.0
Playful/Clumsy,A,Natural,P12,3.0
Playful/Clumsy,A,Natural,P13,1.0
Playful/Clumsy,A,Kawaii,P1,2.0
Playful/Clumsy,A,Kawaii,P2,3.0
Playful/Clumsy,A,Kawaii,P3,5.0
Playful/Clumsy,A,Kawaii,P4,5.0
Playful/Clumsy,A,Kawaii,P5,4.0
Playful/Clumsy,A,Kawaii,P6,4.0
Playful/Clumsy,A,Kawaii,P7,5.0
Playful/Clumsy,A,Kawaii,P8,3.0
Playful/Clumsy,A,Kawaii,P9,4.0
Playful/Clumsy,A,Kawaii,P10,5.0
Playful/Clumsy,A,Kawaii,P11,5.0
Playful/Clumsy,A,Kawaii,P12,4.0
Playful/Clumsy,A,Kawaii,P13,4.0
Playful/Clumsy,B,Warmth,P1,3.0
Playful/Clumsy,B,Warmth,P2,2.0
Playful/Clumsy,B,Warmth,P3,4.0
Playful/Clumsy,B,Warmth,P4,2.0
Playful/Clumsy,B,Warmth,P5,4.0
Playful/Clumsy,B,Warmth,P6,3.0
Playful/Clumsy,B,Warmth,P7,3.0
Playful/Clumsy,B,Warmth,P8,4.0
Playful/Clumsy,B,Warmth,P9,3.0
Playful/Clumsy,B,Warmth,P10,3.0
Playful/Clumsy,B,Warmth,P11,4.0
Playful/Clumsy,B,Warmth,P12,4.0
Playful/Clumsy,B,Warmth,P13,3.0
Playful/Clumsy,B,Expressive,P1,2.0
Playful/Clumsy,B,Expressive,P2,2.0
Playful/Clumsy,B,Expressive,P3,4.0
Playful/Clumsy,B,Expressive,P4,5.0
Playful/Clumsy,B,Expressive,P5,5.0
Playful/Clumsy,B,Expressive,P6,4.0
Playful/Clumsy,B,Expressive,P7,4.0
Playful/Clumsy,B,Expressive,P8,4.0
Playful/Clumsy,B,Expressive,P9,4.0
Playful/Clumsy,B,Expressive,P10,3.0
Playful/Clumsy,B,Expressive,P11,3.0
Playful/Clumsy,B,Expressive,P12,4.0
Playful/Clumsy,B,Expressive,P13,4.0
Playful/Clumsy,B,Original,P1,2.0
Playful/Clumsy,B,Original,P2,4.0
Playful/Clumsy,B,Original,P3,3.0
Playful/Clumsy,B,Original,P4,4.0
Playful/Clumsy,B,Original,P5,4.0
Playful/Clumsy,B,Original,P6,3.0
Playful/Clumsy,B,Original,P7,4.0
Playful/Clumsy,B,Original,P8,2.0
Playful/Clumsy,B,Original,P9,3.0
Playful/Clumsy,B,Original,P10,2.0
Playful/Clumsy,B,Original,P11,4.0
Playful/Clumsy,B,Original,P12,4.0
Playful/Clumsy,B,Original,P13,3.0
Playful/Clumsy,B,Confident,P1,2.0
Playful/Clumsy,B,Confident,P2,2.0
Playful/Clumsy,B,Confident,P3,3.0
Playful/Clumsy,B,Confident,P4,5.0
Playful/Clumsy,B,Confident,P5,4.0
Playful/Clumsy,B,Confident,P6,3.0
Playful/Clumsy,B,Confident,P7,4.0
Playful/Clumsy,B,Confident,P8,4.0
Playful/Clumsy,B,Confident,P9,3.0
Playful/Clumsy,B,Confident,P10,3.0
Playful/Clumsy,B,Confident,P11,3.0
Playful/Clumsy,B,Confident,P12,4.0
Playful/Clumsy,B,Confident,P13,4.0
Playful/Clumsy,B,Natural,P1,2.0
Playful/Clumsy,B,Natural,P2,2.0
Playful/Clumsy,B,Natural,P3,4.0
Playful/Clumsy,B,Natural,P4,2.0
Playful/Clumsy,B,Natural,P5,2.0
Playful/Clumsy,B,Natural,P6,4.0
Playful/Clumsy,B,Natural,P7,2.0
Playful/Clumsy,B,Natural,P8,3.0
Playful/Clumsy,B,Natural,P9,5.0
Playful/Clumsy,B,Natural,P10,1.0
Playful/Clumsy,B,Natural,P11,2.0
Playful/Clumsy,B,Natural,P12,3.0
Playful/Clumsy,B,Natural,P13,3.0
Playful/Clumsy,B,Kawaii,P1,1.0
Playful/Clumsy,B,Kawaii,P2,3.0
Playful/Clumsy,B,Kawaii,P3,4.0
Playful/Clumsy,B,Kawaii,P4,5.0
Playful/Clumsy,B,Kawaii,P5,4.0
Playful/Clumsy,B,Kawaii,P6,4.0
Playful/Clumsy,B,Kawaii,P7,4.0
Playful/Clumsy,B,Kawaii,P8,3.0
Playful/Clumsy,B,Kawaii,P9,3.0
Playful/Clumsy,B,Kawaii,P10,3.0
Playful/Clumsy,B,Kawaii,P11,4.0
Playful/Clumsy,B,Kawaii,P12,4.0
Playful/Clumsy,B,Kawaii,P13,3.0
Playful/Clumsy,C,Warmth,P1,3.0
Playful/Clumsy,C,Warmth,P2,4.0
Playful/Clumsy,C,Warmth,P3,5.0
Playful/Clumsy,C,Warmth,P4,5.0
Playful/Clumsy,C,Warmth,P5,5.0
Playful/Clumsy,C,Warmth,P6,3.0
Playful/Clumsy,C,Warmth,P7,4.0
Playful/Clumsy,C,Warmth,P8,2.0
Playful/Clumsy,C,Warmth,P9,3.0
Playful/Clumsy,C,Warmth,P10,3.0
Playful/Clumsy,C,Warmth,P11,4.0
Playful/Clumsy,C,Warmth,P12,3.0
Playful/Clumsy,C,Warmth,P13,3.0
Playful/Clumsy,C,Expressive,P1,4.0
Playful/Clumsy,C,Expressive,P2,5.0
Playful/Clumsy,C,Expressive,P3,4.0
Playful/Clumsy,C,Expressive,P4,5.0
Playful/Clumsy,C,Expressive,P5,4.0
Playful/Clumsy,C,Expressive,P6,4.0
Playful/Clumsy,C,Expressive,P7,4.0
Playful/Clumsy,C,Expressive,P8,3.0
Playful/Clumsy,C,Expressive,P9,3.0
Playful/Clumsy,C,Expressive,P10,4.0
Playful/Clumsy,C,Expressive,P11,3.0
Playful/Clumsy,C,Expressive,P12,2.0
Playful/Clumsy,C,Expressive,P13,1.0
Playful/Clumsy,C,Original,P1,4.0
Playful/Clumsy,C,Original,P2,5.0
Playful/Clumsy,C,Original,P3,3.0
Playful/Clumsy,C,Original,P4,5.0
Playful/Clumsy,C,Original,P5,2.0
Playful/Clumsy,C,Original,P6,4.0
Playful/Clumsy,C,Original,P7,2.0
Playful/Clumsy,C,Original,P8,3.0
Playful/Clumsy,C,Original,P9,2.0
Playful/Clumsy,C,Original,P10,3.0
Playful/Clumsy,C,Original,P11,3.0
Playful/Clumsy,C,Original,P12,3.0
Playful/Clumsy,C,Original,P13,3.0
Playful/Clumsy,C,Confident,P1,5.0
Playful/Clumsy,C,Confident,P2,4.0
Playful/Clumsy,C,Confident,P3,3.0
Playful/Clumsy,C,Confident,P4,5.0
Playful/Clumsy,C,Confident,P5,4.0
Playful/Clumsy,C,Confident,P6,3.0
Playful/Clumsy,C,Confident,P7,5.0
Playful/Clumsy,C,Confident,P8,1.0
Playful/Clumsy,C,Confident,P9,3.0
Playful/Clumsy,C,Confident,P10,4.0
Playful/Clumsy,C,Confident,P11,3.0
Playful/Clumsy,C,Confident,P12,2.0
Playful/Clumsy,C,Confident,P13,4.0
Playful/Clumsy,C,Natural,P1,2.0
Playful/Clumsy,C,Natural,P2,2.0
Playful/Clumsy,C,Natural,P3,3.0
Playful/Clumsy,C,Natural,P4,5.0
Playful/Clumsy,C,Natural,P5,2.0
Playful/Clumsy,C,Natural,P6,4.0
Playful/Clumsy,C,Natural,P7,2.0
Playful/Clumsy,C,Natural,P8,2.0
Playful/Clumsy,C,Natural,P9,1.0
Playful/Clumsy,C,Natural,P10,3.0
Playful/Clumsy,C,Natural,P11,1.0
Playful/Clumsy,C,Natural,P12,2.0
Playful/Clumsy,C,Natural,P13,3.0
Playful/Clumsy,C,Kawaii,P1,4.0
Playful/Clumsy,C,Kawaii,P2,5.0
Playful/Clumsy,C,Kawaii,P3,5.0
Playful/Clumsy,C,Kawaii,P4,5.0
Playful/Clumsy,C,Kawaii,P5,4.0
Playful/Clumsy,C,Kawaii,P6,3.0
Playful/Clumsy,C,Kawaii,P7,5.0
Playful/Clumsy,C,Kawaii,P8,2.0
Playful/Clumsy,C,Kawaii,P9,3.0
Playful/Clumsy,C,Kawaii,P10,3.0
Playful/Clumsy,C,Kawaii,P11,5.0
Playful/Clumsy,C,Kawaii,P12,3.0
Playful/Clumsy,C,Kawaii,P13,4.0
Playful/Clumsy,D,Warmth,P1,3.0
Playful/Clumsy,D,Warmth,P2,5.0
Playful/Clumsy,D,Warmth,P3,5.0
Playful/Clumsy,D,Warmth,P4,5.0
Playful/Clumsy,D,Warmth,P5,4.0
Playful/Clumsy,D,Warmth,P6,4.0
Playful/Clumsy,D,Warmth,P7,3.0
Playful/Clumsy,D,Warmth,P8,3.0
Playful/Clumsy,D,Warmth,P9,2.0
Playful/Clumsy,D,Warmth,P10,3.0
Playful/Clumsy,D,Warmth,P11,2.0
Playful/Clumsy,D,Warmth,P12,4.0
Playful/Clumsy,D,Warmth,P13,3.0
Playful/Clumsy,D,Expressive,P1,4.0
Playful/Clumsy,D,Expressive,P2,4.0
Playful/Clumsy,D,Expressive,P3,5.0
Playful/Clumsy,D,Expressive,P4,5.0
Playful/Clumsy,D,Expressive,P5,4.0
Playful/Clumsy,D,Expressive,P6,5.0
Playful/Clumsy,D,Expressive,P7,4.0
Playful/Clumsy,D,Expressive,P8,3.0
Playful/Clumsy,D,Expressive,P9,2.0
Playful/Clumsy,D,Expressive,P10,4.0
Playful/Clumsy,D,Expressive,P11,3.0
Playful/Clumsy,D,Expressive,P12,4.0
Playful/Clumsy,D,Expressive,P13,4.0
Playful/Clumsy,D,Original,P1,5.0
Playful/Clumsy,D,Original,P2,4.0
Playful/Clumsy,D,Original,P3,4.0
Playful/Clumsy,D,Original,P4,5.0
Playful/Clumsy,D,Original,P5,3.0
Playful/Clumsy,D,Original,P6,5.0
Playful/Clumsy,D,Original,P7,3.0
Playful/Clumsy,D,Original,P8,3.0
Playful/Clumsy,D,Original,P9,2.0
Playful/Clumsy,D,Original,P10,2.0
Playful/Clumsy,D,Original,P11,4.0
Playful/Clumsy,D,Original,P12,5.0
Playful/Clumsy,D,Original,P13,3.0
Playful/Clumsy,D,Confident,P1,4.0
Playful/Clumsy,D,Confident,P2,3.0
Playful/Clumsy,D,Confident,P3,5.0
Playful/Clumsy,D,Confident,P4,5.0
Playful/Clumsy,D,Confident,P5,2.0
Playful/Clumsy,D,Confident,P6,4.0
Playful/Clumsy,D,Confident,P7,5.0
Playful/Clumsy,D,Confident,P8,4.0
Playful/Clumsy,D,Confident,P9,2.0
Playful/Clumsy,D,Confident,P10,4.0
Playful/Clumsy,D,Confident,P11,4.0
Playful/Clumsy,D,Confident,P12,4.0
Playful/Clumsy,D,Confident,P13,4.0
Playful/Clumsy,D,Natural,P1,4.0
Playful/Clumsy,D,Natural,P2,2.0
Playful/Clumsy,D,Natural,P3,4.0
Playful/Clumsy,D,Natural,P4,4.0
Playful/Clumsy,D,Natural,P5,2.0
Playful/Clumsy,D,Natural,P6,5.0
Playful/Clumsy,D,Natural,P7,3.0
Playful/Clumsy,D,Natural,P8,2.0
Playful/Clumsy,D,Natural,P9,4.0
Playful/Clumsy,D,Natural,P10,2.0
Playful/Clumsy,D,Natural,P11,2.0
Playful/Clumsy,D,Natural,P12,4.0
Playful/Clumsy,D,Natural,P13,4.0
Playful/Clumsy,D,Kawaii,P1,4.0
Playful/Clumsy,D,Kawaii,P2,3.0
Playful/Clumsy,D,Kawaii,P3,4.0
Playful/Clumsy,D,Kawaii,P4,5.0
Playful/Clumsy,D,Kawaii,P5,4.0
Playful/Clumsy,D,Kawaii,P6,3.0
Playful/Clumsy,D,Kawaii,P7,2.0
Playful/Clumsy,D,Kawaii,P8,3.0
Playful/Clumsy,D,Kawaii,P9,2.0
Playful/Clumsy,D,Kawaii,P10,4.0
Playful/Clumsy,D,Kawaii,P11,3.0
Playful/Clumsy,D,Kawaii,P12,3.0
Playful/Clumsy,D,Kawaii,P13,1.0
Playful/Clumsy,E,Warmth,P1,3.0
Playful/Clumsy,E,Warmth,P2,3.0
Playful/Clumsy,E,Warmth,P3,3.0
Playful/Clumsy,E,Warmth,P4,3.0
Playful/Clumsy,E,Warmth,P5,4.0
Playful/Clumsy,E,Warmth,P6,4.0
Playful/Clumsy,E,Warmth,P7,3.0
Playful/Clumsy,E,Warmth,P8,4.0
Playful/Clumsy,E,Warmth,P9,3.0
Playful/Clumsy,E,Warmth,P10,3.0
Playful/Clumsy,E,Warmth,P11,1.0
Playful/Clumsy,E,Warmth,P12,4.0
Playful/Clumsy,E,Warmth,P13,4.0
Playful/Clumsy,E,Expressive,P1,5.0
Playful/Clumsy,E,Expressive,P2,4.0
Playful/Clumsy,E,Expressive,P3,5.0
Playful/Clumsy,E,Expressive,P4,5.0
Playful/Clumsy,E,Expressive,P5,2.0
Playful/Clumsy,E,Expressive,P6,5.0
Playful/Clumsy,E,Expressive,P7,3.0
Playful/Clumsy,E,Expressive,P8,5.0
Playful/Clumsy,E,Expressive,P9,4.0
Playful/Clumsy,E,Expressive,P10,3.0
Playful/Clumsy,E,Expressive,P11,5.0
Playful/Clumsy,E,Expressive,P12,3.0
Playful/Clumsy,E,Expressive,P13,2.0
Playful/Clumsy,E,Original,P1,4.0
Playful/Clumsy,E,Original,P2,4.0
Playful/Clumsy,E,Original,P3,4.0
Playful/Clumsy,E,Original,P4,5.0
Playful/Clumsy,E,Original,P5,3.0
Playful/Clumsy,E,Original,P6,5.0
Playful/Clumsy,E,Original,P7,4.0
Playful/Clumsy,E,Original,P8,4.0
Playful/Clumsy,E,Original,P9,5.0
Playful/Clumsy,E,Original,P10,3.0
Playful/Clumsy,E,Original,P11,4.0
Playful/Clumsy,E,Original,P12,4.0
Playful/Clumsy,E,Original,P13,3.0
Playful/Clumsy,E,Confident,P1,1.0
Playful/Clumsy,E,Confident,P2,3.0
Playful/Clumsy,E,Confident,P3,2.0
Playful/Clumsy,E,Confident,P4,2.0
Playful/Clumsy,E,Confident,P5,2.0
Playful/Clumsy,E,Confident,P6,5.0
Playful/Clumsy,E,Confident,P7,3.0
Playful/Clumsy,E,Confident,P8,4.0
Playful/Clumsy,E,Confident,P9,2.0
Playful/Clumsy,E,Confident,P10,2.0
Playful/Clumsy,E,Confident,P11,1.0
Playful/Clumsy,E,Confident,P12,3.0
Playful/Clumsy,E,Confident,P13,3.0
Playful/Clumsy,E,Natural,P1,3.0
Playful/Clumsy,E,Natural,P2,2.0
Playful/Clumsy,E,Natural,P3,2.0
Playful/Clumsy,E,Natural,P4,5.0
Playful/Clumsy,E,Natural,P5,2.0
Playful/Clumsy,E,Natural,P6,5.0
Playful/Clumsy,E,Natural,P7,2.0
Playful/Clumsy,E,Natural,P8,2.0
Playful/Clumsy,E,Natural,P9,1.0
Playful/Clumsy,E,Natural,P10,1.0
Playful/Clumsy,E,Natural,P11,2.0
Playful/Clumsy,E,Natural,P12,3.0
Playful/Clumsy,E,Natural,P13,3.0
Playful/Clumsy,E,Kawaii,P1,2.0
Playful/Clumsy,E,Kawaii,P2,4.0
Playful/Clumsy,E,Kawaii,P3,4.0
Playful/Clumsy,E,Kawaii,P4,3.0
Playful/Clumsy,E,Kawaii,P5,4.0
Playful/Clumsy,E,Kawaii,P6,5.0
Playful/Clumsy,E,Kawaii,P7,4.0
Playful/Clumsy,E,Kawaii,P8,3.0
Playful/Clumsy,E,Kawaii,P9,3.0
Playful/Clumsy,E,Kawaii,P10,3.0
Playful/Clumsy,E,Kawaii,P11,4.0
Playful/Clumsy,E,Kawaii,P12,3.0
Playful/Clumsy,E,Kawaii,P13,4.0
Escapist/Dreamy,A,Warmth,P1,3.0
Escapist/Dreamy,A,Warmth,P2,2.0
Escapist/Dreamy,A,Warmth,P3,4.0
Escapist/Dreamy,A,Warmth,P4,4.0
Escapist/Dreamy,A,Warmth,P5,3.0
Escapist/Dreamy,A,Warmth,P6,5.0
Escapist/Dreamy,A,Warmth,P7,3.0
Escapist/Dreamy,A,Warmth,P8,3.0
Escapist/Dreamy,A,Warmth,P9,2.0
Escapist/Dreamy,A,Warmth,P10,5.0
Escapist/Dreamy,A,Warmth,P11,1.0
Escapist/Dreamy,A,Warmth,P12,4.0
Escapist/Dreamy,A,Warmth,P13,3.0
Escapist/Dreamy,A,Expressive,P1,2.0
Escapist/Dreamy,A,Expressive,P2,3.0
Escapist/Dreamy,A,Expressive,P3,5.0
Escapist/Dreamy,A,Expressive,P4,3.0
Escapist/Dreamy,A,Expressive,P5,4.0
Escapist/Dreamy,A,Expressive,P6,5.0
Escapist/Dreamy,A,Expressive,P7,4.0
Escapist/Dreamy,A,Expressive,P8,3.0
Escapist/Dreamy,A,Expressive,P9,2.0
Escapist/Dreamy,A,Expressive,P10,2.0
Escapist/Dreamy,A,Expressive,P11,3.0
Escapist/Dreamy,A,Expressive,P12,3.0
Escapist/Dreamy,A,Expressive,P13,3.0
Escapist/Dreamy,A,Original,P1,1.0
Escapist/Dreamy,A,Original,P2,4.0
Escapist/Dreamy,A,Original,P3,3.0
Escapist/Dreamy,A,Original,P4,5.0
Escapist/Dreamy,A,Original,P5,4.0
Escapist/Dreamy,A,Original,P6,5.0
Escapist/Dreamy,A,Original,P7,2.0
Escapist/Dreamy,A,Original,P8,4.0
Escapist/Dreamy,A,Original,P9,3.0
Escapist/Dreamy,A,Original,P10,1.0
Escapist/Dreamy,A,Original,P11,3.0
Escapist/Dreamy,A,Original,P12,4.0
Escapist/Dreamy,A,Original,P13,4.0
Escapist/Dreamy,A,Confident,P1,2.0
Escapist/Dreamy,A,Confident,P2,4.0
Escapist/Dreamy,A,Confident,P3,5.0
Escapist/Dreamy,A,Confident,P4,4.0
Escapist/Dreamy,A,Confident,P5,4.0
Escapist/Dreamy,A,Confident,P6,3.0
Escapist/Dreamy,A,Confident,P7,4.0
Escapist/Dreamy,A,Confident,P8,4.0
Escapist/Dreamy,A,Confident,P9,3.0
Escapist/Dreamy,A,Confident,P10,3.0
Escapist/Dreamy,A,Confident,P11,3.0
Escapist/Dreamy,A,Confident,P12,4.0
Escapist/Dreamy,A,Confident,P13,3.0
Escapist/Dreamy,A,Natural,P1,3.0
Escapist/Dreamy,A,Natural,P2,2.0
Escapist/Dreamy,A,Natural,P3,4.0
Escapist/Dreamy,A,Natural,P4,4.0
Escapist/Dreamy,A,Natural,P5,2.0
Escapist/Dreamy,A,Natural,P6,5.0
Escapist/Dreamy,A,Natural,P7,3.0
Escapist/Dreamy,A,Natural,P8,2.0
Escapist/Dreamy,A,Natural,P9,3.0
Escapist/Dreamy,A,Natural,P10,4.0
Escapist/Dreamy,A,Natural,P11,4.0
Escapist/Dreamy,A,Natural,P12,3.0
Escapist/Dreamy,A,Natural,P13,4.0
Escapist/Dreamy,A,Kawaii,P1,1.0
Escapist/Dreamy,A,Kawaii,P2,3.0
Escapist/Dreamy,A,Kawaii,P3,4.0
Escapist/Dreamy,A,Kawaii,P4,4.0
Escapist/Dreamy,A,Kawaii,P5,4.0
Escapist/Dreamy,A,Kawaii,P6,5.0
Escapist/Dreamy,A,Kawaii,P7,3.0
Escapist/Dreamy,A,Kawaii,P8,4.0
Escapist/Dreamy,A,Kawaii,P9,3.0
Escapist/Dreamy,A,Kawaii,P10,3.0
Escapist/Dreamy,A,Kawaii,P11,2.0
Escapist/Dreamy,A,Kawaii,P12,3.0
Escapist/Dreamy,A,Kawaii,P13,2.0
Escapist/Dreamy,B,Warmth,P1,3.0
Escapist/Dreamy,B,Warmth,P2,2.0
Escapist/Dreamy,B,Warmth,P3,4.0
Escapist/Dreamy,B,Warmth,P4,2.0
Escapist/Dreamy,B,Warmth,P5,2.0
Escapist/Dreamy,B,Warmth,P6,4.0
Escapist/Dreamy,B,Warmth,P7,4.0
Escapist/Dreamy,B,Warmth,P8,3.0
Escapist/Dreamy,B,Warmth,P9,4.0
Escapist/Dreamy,B,Warmth,P10,5.0
Escapist/Dreamy,B,Warmth,P11,2.0
Escapist/Dreamy,B,Warmth,P12,4.0
Escapist/Dreamy,B,Warmth,P13,3.0
Escapist/Dreamy,B,Expressive,P1,2.0
Escapist/Dreamy,B,Expressive,P2,3.0
Escapist/Dreamy,B,Expressive,P3,2.0
Escapist/Dreamy,B,Expressive,P4,2.0
Escapist/Dreamy,B,Expressive,P5,2.0
Escapist/Dreamy,B,Expressive,P6,5.0
Escapist/Dreamy,B,Expressive,P7,3.0
Escapist/Dreamy,B,Expressive,P8,3.0
Escapist/Dreamy,B,Expressive,P9,4.0
Escapist/Dreamy,B,Expressive,P10,1.0
Escapist/Dreamy,B,Expressive,P11,1.0
Escapist/Dreamy,B,Expressive,P12,4.0
Escapist/Dreamy,B,Expressive,P13,4.0
Escapist/Dreamy,B,Original,P1,2.0
Escapist/Dreamy,B,Original,P2,3.0
Escapist/Dreamy,B,Original,P3,2.0
Escapist/Dreamy,B,Original,P4,4.0
Escapist/Dreamy,B,Original,P5,3.0
Escapist/Dreamy,B,Original,P6,5.0
Escapist/Dreamy,B,Original,P7,5.0
Escapist/Dreamy,B,Original,P8,3.0
Escapist/Dreamy,B,Original,P9,2.0
Escapist/Dreamy,B,Original,P10,1.0
Escapist/Dreamy,B,Original,P11,1.0
Escapist/Dreamy,B,Original,P12,4.0
Escapist/Dreamy,B,Original,P13,4.0
Escapist/Dreamy,B,Confident,P1,2.0
Escapist/Dreamy,B,Confident,P2,1.0
Escapist/Dreamy,B,Confident,P3,2.0
Escapist/Dreamy,B,Confident,P4,3.0
Escapist/Dreamy,B,Confident,P5,1.0
Escapist/Dreamy,B,Confident,P6,5.0
Escapist/Dreamy,B,Confident,P7,4.0
Escapist/Dreamy,B,Confident,P8,4.0
Escapist/Dreamy,B,Confident,P9,2.0
Escapist/Dreamy,B,Confident,P10,1.0
Escapist/Dreamy,B,Confident,P11,3.0
Escapist/Dreamy,B,Confident,P12,4.0
Escapist/Dreamy,B,Confident,P13,4.0
Escapist/Dreamy,B,Natural,P1,4.0
Escapist/Dreamy,B,Natural,P2,3.0
Escapist/Dreamy,B,Natural,P3,4.0
Escapist/Dreamy,B,Natural,P4,2.0
Escapist/Dreamy,B,Natural,P5,2.0
Escapist/Dreamy,B,Natural,P6,5.0
Escapist/Dreamy,B,Natural,P7,1.0
Escapist/Dreamy,B,Natural,P8,3.0
Escapist/Dreamy,B,Natural,P9,4.0
Escapist/Dreamy,B,Natural,P10,3.0
Escapist/Dreamy,B,Natural,P11,4.0
Escapist/Dreamy,B,Natural,P12,4.0
Escapist/Dreamy,B,Natural,P13,3.0
Escapist/Dreamy,B,Kawaii,P1,4.0
Escapist/Dreamy,B,Kawaii,P2,3.0
Escapist/Dreamy,B,Kawaii,P3,3.0
Escapist/Dreamy,B,Kawaii,P4,3.0
Escapist/Dreamy,B,Kawaii,P5,4.0
Escapist/Dreamy,B,Kawaii,P6,4.0
Escapist/Dreamy,B,Kawaii,P7,4.0
Escapist/Dreamy,B,Kawaii,P8,4.0
Escapist/Dreamy,B,Kawaii,P9,4.0
Escapist/Dreamy,B,Kawaii,P10,5.0
Escapist/Dreamy,B,Kawaii,P11,3.0
Escapist/Dreamy,B,Kawaii,P12,3.0
Escapist/Dreamy,B,Kawaii,P13,5.0
Escapist/Dreamy,C,Warmth,P1,4.0
Escapist/Dreamy,C,Warmth,P2,3.0
Escapist/Dreamy,C,Warmth,P3,3.0
Escapist/Dreamy,C,Warmth,P4,5.0
Escapist/Dreamy,C,Warmth,P5,1.0
Escapist/Dreamy,C,Warmth,P6,4.0
Escapist/Dreamy,C,Warmth,P7,4.0
Escapist/Dreamy,C,Warmth,P8,2.0
Escapist/Dreamy,C,Warmth,P9,2.0
Escapist/Dreamy,C,Warmth,P10,5.0
Escapist/Dreamy,C,Warmth,P11,4.0
Escapist/Dreamy,C,Warmth,P12,3.0
Escapist/Dreamy,C,Warmth,P13,3.0
Escapist/Dreamy,C,Expressive,P1,3.0
Escapist/Dreamy,C,Expressive,P2,1.0
Escapist/Dreamy,C,Expressive,P3,4.0
Escapist/Dreamy,C,Expressive,P4,2.0
Escapist/Dreamy,C,Expressive,P5,4.0
Escapist/Dreamy,C,Expressive,P6,5.0
Escapist/Dreamy,C,Expressive,P7,2.0
Escapist/Dreamy,C,Expressive,P8,3.0
Escapist/Dreamy,C,Expressive,P9,2.0
Escapist/Dreamy,C,Expressive,P10,1.0
Escapist/Dreamy,C,Expressive,P11,3.0
Escapist/Dreamy,C,Expressive,P12,3.0
Escapist/Dreamy,C,Expressive,P13,4.0
Escapist/Dreamy,C,Original,P1,3.0
Escapist/Dreamy,C,Original,P2,3.0
Escapist/Dreamy,C,Original,P3,2.0
Escapist/Dreamy,C,Original,P4,5.0
Escapist/Dreamy,C,Original,P5,3.0
Escapist/Dreamy,C,Original,P6,4.0
Escapist/Dreamy,C,Original,P7,4.0
Escapist/Dreamy,C,Original,P8,2.0
Escapist/Dreamy,C,Original,P9,4.0
Escapist/Dreamy,C,Original,P10,2.0
Escapist/Dreamy,C,Original,P11,3.0
Escapist/Dreamy,C,Original,P12,4.0
Escapist/Dreamy,C,Original,P13,2.0
Escapist/Dreamy,C,Confident,P1,3.0
Escapist/Dreamy,C,Confident,P2,1.0
Escapist/Dreamy,C,Confident,P3,2.0
Escapist/Dreamy,C,Confident,P4,5.0
Escapist/Dreamy,C,Confident,P5,1.0
Escapist/Dreamy,C,Confident,P6,4.0
Escapist/Dreamy,C,Confident,P7,2.0
Escapist/Dreamy,C,Confident,P8,3.0
Escapist/Dreamy,C,Confident,P9,1.0
Escapist/Dreamy,C,Confident,P10,1.0
Escapist/Dreamy,C,Confident,P11,1.0
Escapist/Dreamy,C,Confident,P12,3.0
Escapist/Dreamy,C,Confident,P13,2.0
Escapist/Dreamy,C,Natural,P1,4.0
Escapist/Dreamy,C,Natural,P2,3.0
Escapist/Dreamy,C,Natural,P3,5.0
Escapist/Dreamy,C,Natural,P4,5.0
Escapist/Dreamy,C,Natural,P5,3.0
Escapist/Dreamy,C,Natural,P6,5.0
Escapist/Dreamy,C,Natural,P7,2.0
Escapist/Dreamy,C,Natural,P8,2.0
Escapist/Dreamy,C,Natural,P9,3.0
Escapist/Dreamy,C,Natural,P10,2.0
Escapist/Dreamy,C,Natural,P11,5.0
Escapist/Dreamy,C,Natural,P12,4.0
Escapist/Dreamy,C,Natural,P13,5.0
Escapist/Dreamy,C,Kawaii,P1,4.0
Escapist/Dreamy,C,Kawaii,P2,3.0
Escapist/Dreamy,C,Kawaii,P3,4.0
Escapist/Dreamy,C,Kawaii,P4,5.0
Escapist/Dreamy,C,Kawaii,P5,2.0
Escapist/Dreamy,C,Kawaii,P6,3.0
Escapist/Dreamy,C,Kawaii,P7,5.0
Escapist/Dreamy,C,Kawaii,P8,2.0
Escapist/Dreamy,C,Kawaii,P9,4.0
Escapist/Dreamy,C,Kawaii,P10,3.0
Escapist/Dreamy,C,Kawaii,P11,4.0
Escapist/Dreamy,C,Kawaii,P12,3.0
Escapist/Dreamy,C,Kawaii,P13,3.0
Escapist/Dreamy,D,Warmth,P1,2.0
Escapist/Dreamy,D,Warmth,P2,2.0
Escapist/Dreamy,D,Warmth,P3,2.0
Escapist/Dreamy,D,Warmth,P4,2.0
Escapist/Dreamy,D,Warmth,P5,4.0
Escapist/Dreamy,D,Warmth,P6,4.0
Escapist/Dreamy,D,Warmth,P7,2.0
Escapist/Dreamy,D,Warmth,P8,2.0
Escapist/Dreamy,D,Warmth,P9,2.0
Escapist/Dreamy,D,Warmth,P10,1.0
Escapist/Dreamy,D,Warmth,P11,4.0
Escapist/Dreamy,D,Warmth,P12,3.0
Escapist/Dreamy,D,Warmth,P13,2.0
Escapist/Dreamy,D,Expressive,P1,2.0
Escapist/Dreamy,D,Expressive,P2,3.0
Escapist/Dreamy,D,Expressive,P3,2.0
Escapist/Dreamy,D,Expressive,P4,2.0
Escapist/Dreamy,D,Expressive,P5,2.0
Escapist/Dreamy,D,Expressive,P6,5.0
Escapist/Dreamy,D,Expressive,P7,2.0
Escapist/Dreamy,D,Expressive,P8,2.0
Escapist/Dreamy,D,Expressive,P9,2.0
Escapist/Dreamy,D,Expressive,P10,1.0
Escapist/Dreamy,D,Expressive,P11,2.0
Escapist/Dreamy,D,Expressive,P12,3.0
Escapist/Dreamy,D,Expressive,P13,2.0
Escapist/Dreamy,D,Original,P1,3.0
Escapist/Dreamy,D,Original,P2,3.0
Escapist/Dreamy,D,Original,P3,2.0
Escapist/Dreamy,D,Original,P4,3.0
Escapist/Dreamy,D,Original,P5,3.0
Escapist/Dreamy,D,Original,P6,5.0
Escapist/Dreamy,D,Original,P7,2.0
Escapist/Dreamy,D,Original,P8,2.0
Escapist/Dreamy,D,Original,P9,1.0
Escapist/Dreamy,D,Original,P10,2.0
Escapist/Dreamy,D,Original,P11,5.0
Escapist/Dreamy,D,Original,P12,2.0
Escapist/Dreamy,D,Original,P13,3.0
Escapist/Dreamy,D,Confident,P1,4.0
Escapist/Dreamy,D,Confident,P2,3.0
Escapist/Dreamy,D,Confident,P3,3.0
Escapist/Dreamy,D,Confident,P4,4.0
Escapist/Dreamy,D,Confident,P5,4.0
Escapist/Dreamy,D,Confident,P6,5.0
Escapist/Dreamy,D,Confident,P7,5.0
Escapist/Dreamy,D,Confident,P8,3.0
Escapist/Dreamy,D,Confident,P9,3.0
Escapist/Dreamy,D,Confident,P10,1.0
Escapist/Dreamy,D,Confident,P11,4.0
Escapist/Dreamy,D,Confident,P12,3.0
Escapist/Dreamy,D,Confident,P13,2.0
Escapist/Dreamy,D,Natural,P1,4.0
Escapist/Dreamy,D,Natural,P2,3.0
Escapist/Dreamy,D,Natural,P3,2.0
Escapist/Dreamy,D,Natural,P4,2.0
Escapist/Dreamy,D,Natural,P5,5.0
Escapist/Dreamy,D,Natural,P6,5.0
Escapist/Dreamy,D,Natural,P7,5.0
Escapist/Dreamy,D,Natural,P8,3.0
Escapist/Dreamy,D,Natural,P9,4.0
Escapist/Dreamy,D,Natural,P10,3.0
Escapist/Dreamy,D,Natural,P11,3.0
Escapist/Dreamy,D,Natural,P12,4.0
Escapist/Dreamy,D,Natural,P13,2.0
Escapist/Dreamy,D,Kawaii,P1,3.0
Escapist/Dreamy,D,Kawaii,P2,2.0
Escapist/Dreamy,D,Kawaii,P3,2.0
Escapist/Dreamy,D,Kawaii,P4,4.0
Escapist/Dreamy,D,Kawaii,P5,2.0
Escapist/Dreamy,D,Kawaii,P6,5.0
Escapist/Dreamy,D,Kawaii,P7,1.0
Escapist/Dreamy,D,Kawaii,P8,2.0
Escapist/Dreamy,D,Kawaii,P9,2.0
Escapist/Dreamy,D,Kawaii,P10,1.0
Escapist/Dreamy,D,Kawaii,P11,4.0
Escapist/Dreamy,D,Kawaii,P12,3.0
Escapist/Dreamy,D,Kawaii,P13,1.0
Escapist/Dreamy,E,Warmth,P1,3.0
Escapist/Dreamy,E,Warmth,P2,3.0
Escapist/Dreamy,E,Warmth,P3,4.0
Escapist/Dreamy,E,Warmth,P4,4.0
Escapist/Dreamy,E,Warmth,P5,4.0
Escapist/Dreamy,E,Warmth,P6,5.0
Escapist/Dreamy,E,Warmth,P7,3.0
Escapist/Dreamy,E,Warmth,P8,4.0
Escapist/Dreamy,E,Warmth,P9,4.0
Escapist/Dreamy,E,Warmth,P10,4.0
Escapist/Dreamy,E,Warmth,P11,2.0
Escapist/Dreamy,E,Warmth,P12,4.0
Escapist/Dreamy,E,Warmth,P13,3.0
Escapist/Dreamy,E,Expressive,P1,3.0
Escapist/Dreamy,E,Expressive,P2,1.0
Escapist/Dreamy,E,Expressive,P3,4.0
Escapist/Dreamy,E,Expressive,P4,3.0
Escapist/Dreamy,E,Expressive,P5,2.0
Escapist/Dreamy,E,Expressive,P6,5.0
Escapist/Dreamy,E,Expressive,P7,1.0
Escapist/Dreamy,E,Expressive,P8,3.0
Escapist/Dreamy,E,Expressive,P9,2.0
Escapist/Dreamy,E,Expressive,P10,3.0
Escapist/Dreamy,E,Expressive,P11,3.0
Escapist/Dreamy,E,Expressive,P12,4.0
Escapist/Dreamy,E,Expressive,P13,2.0
Escapist/Dreamy,E,Original,P1,1.0
Escapist/Dreamy,E,Original,P2,5.0
Escapist/Dreamy,E,Original,P3,3.0
Escapist/Dreamy,E,Original,P4,3.0
Escapist/Dreamy,E,Original,P5,3.0
Escapist/Dreamy,E,Original,P6,4.0
Escapist/Dreamy,E,Original,P7,2.0
Escapist/Dreamy,E,Original,P8,3.0
Escapist/Dreamy,E,Original,P9,3.0
Escapist/Dreamy,E,Original,P10,2.0
Escapist/Dreamy,E,Original,P11,3.0
Escapist/Dreamy,E,Original,P12,4.0
Escapist/Dreamy,E,Original,P13,2.0
Escapist/Dreamy,E,Confident,P1,3.0
Escapist/Dreamy,E,Confident,P2,3.0
Escapist/Dreamy,E,Confident,P3,3.0
Escapist/Dreamy,E,Confident,P4,3.0
Escapist/Dreamy,E,Confident,P5,1.0
Escapist/Dreamy,E,Confident,P6,4.0
Escapist/Dreamy,E,Confident,P7,4.0
Escapist/Dreamy,E,Confident,P8,3.0
Escapist/Dreamy,E,Confident,P9,3.0
Escapist/Dreamy,E,Confident,P10,3.0
Escapist/Dreamy,E,Confident,P11,2.0
Escapist/Dreamy,E,Confident,P12,4.0
Escapist/Dreamy,E,Confident,P13,3.0
Escapist/Dreamy,E,Natural,P1,4.0
Escapist/Dreamy,E,Natural,P2,3.0
Escapist/Dreamy,E,Natural,P3,5.0
Escapist/Dreamy,E,Natural,P4,4.0
Escapist/Dreamy,E,Natural,P5,1.0
Escapist/Dreamy,E,Natural,P6,4.0
Escapist/Dreamy,E,Natural,P7,4.0
Escapist/Dreamy,E,Natural,P8,3.0
Escapist/Dreamy,E,Natural,P9,4.0
Escapist/Dreamy,E,Natural,P10,2.0
Escapist/Dreamy,E,Natural,P11,3.0
Escapist/Dreamy,E,Natural,P12,4.0
Escapist/Dreamy,E,Natural,P13,2.0
Escapist/Dreamy,E,Kawaii,P1,1.0
Escapist/Dreamy,E,Kawaii,P2,4.0
Escapist/Dreamy,E,Kawaii,P3,4.0
Escapist/Dreamy,E,Kawaii,P4,4.0
Escapist/Dreamy,E,Kawaii,P5,4.0
Escapist/Dreamy,E,Kawaii,P6,3.0
Escapist/Dreamy,E,Kawaii,P7,2.0
Escapist/Dreamy,E,Kawaii,P8,3.0
Escapist/Dreamy,E,Kawaii,P9,3.0
Escapist/Dreamy,E,Kawaii,P10,3.0
Escapist/Dreamy,E,Kawaii,P11,3.0
Escapist/Dreamy,E,Kawaii,P12,3.0
Escapist/Dreamy,E,Kawaii,P13,3.0
